time,SUP,ECRL,ECRB,ECU,FCR,FCU,PQ,SUP_min,ECRL_min,ECRB_min,ECU_min,FCR_min,FCU_min,PQ_min,SUP_max,ECRL_max,ECRB_max,ECU_max,FCR_max,FCU_max,PQ_max,SUP_exc,ECRL_exc,ECRB_exc,ECU_exc,FCR_exc,FCU_exc,PQ_exc,SUP_act,ECRL_act,ECRB_act,ECU_act,FCR_act,FCU_act,PQ_act,wrist_hand_r3_pos,wrist_hand_r3_vel
0.01,-857016000.0,0.1005256071978196,-0.0326586812734603,-0.1265843957662582,0.044713832437992,-0.254913330078125,-2339994337280.0,0.01,0.01,0.01,0.01,0.01,0.01,0.01,1.0,1.0,1.0,1.0,1.0,1.0,1.0,0.01,0.10052561,0.01,0.01,0.044713832,0.01,0.01,0.22873221,0.17947726,0.043256555,0.010037387,0.03612239,0.017648056,0.36283484,-0.2375327619946138,-1.1814317554140166
0.02,-857016000.0,0.0789109634789695,-0.0613506026566028,-0.1353450119495391,-0.062056366354227,-0.1505730992404803,-2339994337280.0,0.01,0.01,0.01,0.01,0.01,0.01,0.01,1.0,1.0,1.0,1.0,1.0,1.0,1.0,0.01,0.07891096,0.01,0.01,0.01,0.01,0.01,0.22873221,0.16661972,0.039701354,0.010033711,0.03457633,0.016880965,0.36283484,-0.2481620447658935,-0.9284071457595358
0.03,-857016000.0,-0.000672812883652,-0.0768240541219711,-0.1395138204097747,-0.0213063899427652,-0.0672716681527816,-2339994337280.0,0.01,0.01,0.01,0.01,0.01,0.01,0.01,1.0,1.0,1.0,1.0,1.0,1.0,1.0,0.01,0.01,0.01,0.01,0.01,0.01,0.01,0.22873221,0.14839742,0.03654817,0.010030392,0.03199975,0.016191177,0.36283484,-0.2552475390708926,-0.5269326607510457
0.04,-857016000.0,-0.1041276029951451,-0.0722847208380699,-0.1294588446617126,0.0167013816535472,0.0183140151108338,-2339994337280.0,0.01,0.01,0.01,0.01,0.01,0.01,0.01,1.0,1.0,1.0,1.0,1.0,1.0,1.0,0.01,0.01,0.01,0.01,0.016701382,0.018314015,0.01,0.22873221,0.12991771,0.033749998,0.010027398,0.030303977,0.016802538,0.36283484,-0.2582950765752303,-0.1448087528394533
0.05,-857016000.0,-0.1351678818464279,-0.0535799786448478,-0.1096409857273101,0.0087736211717128,0.0960814842243243,-2339994337280.0,0.01,0.01,0.01,0.01,0.01,0.01,0.01,1.0,1.0,1.0,1.0,1.0,1.0,1.0,0.01,0.01,0.01,0.01,0.01,0.09608149,0.01,0.22873221,0.114463456,0.031265453,0.010024701,0.0282841,0.057195734,0.36283484,-0.2580430260734987,0.1483675330491853
0.06,-857016000.0,-0.1253390312194824,-0.030294757336378,-0.0901133269071579,-0.0075247883796691,-0.0469966840097754,-2339994337280.0,0.01,0.01,0.01,0.01,0.01,0.01,0.01,1.0,1.0,1.0,1.0,1.0,1.0,1.0,0.01,0.01,0.01,0.01,0.01,0.01,0.01,0.22873221,0.10136113,0.029049683,0.010022265,0.026393183,0.054965474,0.36283484,-0.2549790533327401,0.421442345947733
0.07,-857016000.0,-0.1099352538585662,-0.0098861819133162,-0.0740704759955406,-0.026279017329216,-0.0406761757977971,-2339994337280.0,0.01,0.01,0.01,0.01,0.01,0.01,0.01,1.0,1.0,1.0,1.0,1.0,1.0,1.0,0.01,0.01,0.01,0.01,0.01,0.01,0.01,0.22873221,0.09022046,0.02707823,0.010020071,0.024707971,0.05001121,0.36283484,-0.2494008792638917,0.6518511869271473
0.08,-857016000.0,-0.0934337005019187,0.0205338634550571,-0.0566307604312896,-0.0434846617281436,-0.08529081046167,-2339994337280.0,0.01,0.01,0.01,0.01,0.01,0.01,0.01,1.0,1.0,1.0,1.0,1.0,1.0,1.0,0.01,0.01,0.020533863,0.01,0.01,0.01,0.01,0.22873221,0.08066288,0.026240148,0.0100180935,0.02320245,0.045653697,0.36283484,-0.2419137506144524,0.8133321099990591
0.09,-857016000.0,-0.0830181539058685,0.0595026165246963,-0.0417858324944973,-0.0631664544343948,-0.13024250909217,-2339994337280.0,0.01,0.01,0.01,0.01,0.01,0.01,0.01,1.0,1.0,1.0,1.0,1.0,1.0,1.0,0.01,0.01,0.059502617,0.01,0.01,0.01,0.01,0.22873221,0.072430804,0.049202472,0.010016314,0.021858267,0.041817266,0.36283484,-0.2331506396053324,0.9105520489700276
0.1,-857016000.0,-0.0556880839818542,-0.0057502011768519,-0.0269809998571872,-0.0874408110976219,-0.1525006937752722,-2339994337280.0,0.01,0.01,0.01,0.01,0.01,0.01,0.01,1.0,1.0,1.0,1.0,1.0,1.0,1.0,0.01,0.01,0.01,0.01,0.01,0.01,0.01,0.22873221,0.065277465,0.046931457,0.010014707,0.020653736,0.038420815,0.36283484,-0.2241547381560853,0.8724070199559877
0.1100000000000001,-857016000.0,0.0397939874352696,0.0350602641701698,-0.0143824964761734,-0.1067326515913009,-0.2003758959318997,-2339994337280.0,0.01,0.01,0.01,0.01,0.01,0.01,0.01,1.0,1.0,1.0,1.0,1.0,1.0,1.0,0.01,0.039793987,0.035060264,0.01,0.01,0.01,0.01,0.22873221,0.060156778,0.045296043,0.010013258,0.019574266,0.0354099,0.36283484,-0.2160951315089618,0.7506764555656278
0.1200000000000001,-857016000.0,0.1243764968418916,0.0772353708744049,-0.0135322622954845,-0.1161833554506301,-0.2994426298176029,-2339994337280.0,0.01,0.01,0.01,0.01,0.01,0.01,0.01,1.0,1.0,1.0,1.0,1.0,1.0,1.0,0.01,0.1243765,0.07723537,0.01,0.01,0.01,0.01,0.22873221,0.088359185,0.066549346,0.010011954,0.018609418,0.03274538,0.36283484,-0.2093692883019567,0.5931725680148479
0.1299999999999999,-857016000.0,0.1811330905185772,0.0342722907662391,-0.0184217877686023,-0.1171915680170059,-0.4120840430259704,-2339994337280.0,0.01,0.01,0.01,0.01,0.01,0.01,0.01,1.0,1.0,1.0,1.0,1.0,1.0,1.0,0.01,0.18113309,0.03427229,0.01,0.01,0.01,0.01,0.22873221,0.13114642,0.064352326,0.01001078,0.01774404,0.030376092,0.36283484,-0.2049390852406382,0.2913537247089787
0.1399999999999999,-857016000.0,0.2360848176664383,0.0529684796929359,-0.0293209850788116,-0.108702003955841,-0.4040393233299255,-2339994337280.0,0.01,0.01,0.01,0.01,0.01,0.01,0.01,1.0,1.0,1.0,1.0,1.0,1.0,1.0,0.01,0.23608482,0.05296848,0.01,0.01,0.01,0.01,0.22873221,0.18493536,0.06285542,0.01000972,0.016966935,0.028264731,0.36283484,-0.2043455545484234,-0.1511125808742386
0.1499999999999999,-857016000.0,0.2079101065623205,0.0502953454852104,-0.0459795407950878,-0.0887633562088012,-0.3863848149776459,-2339994337280.0,0.01,0.01,0.01,0.01,0.01,0.01,0.01,1.0,1.0,1.0,1.0,1.0,1.0,1.0,0.01,0.2079101,0.050295345,0.01,0.01,0.01,0.01,0.22873221,0.20494898,0.061467547,0.010008761,0.01626701,0.026375812,0.36283484,-0.2088438206540403,-0.6673920243167208
0.1599999999999999,-857016000.0,0.1752096533737751,0.0293929539620876,-0.0656920596957206,-0.0628010779619216,-0.3635334074497223,-2339994337280.0,0.01,0.01,0.01,0.01,0.01,0.01,0.01,1.0,1.0,1.0,1.0,1.0,1.0,1.0,0.01,0.17520966,0.029392954,0.01,0.01,0.01,0.01,0.22873221,0.20501678,0.05812416,0.010007899,0.015640326,0.024695314,0.36283484,-0.2179372179534031,-1.0751471095242071
0.1699999999999999,-857016000.0,0.1304311623161043,-0.0020990232005715,-0.1020274385809898,-0.0162150971591472,-0.3191360831260681,-2339994337280.0,0.01,0.01,0.01,0.01,0.01,0.01,0.01,1.0,1.0,1.0,1.0,1.0,1.0,1.0,0.01,0.13043116,0.01,0.01,0.01,0.01,0.01,0.22873221,0.19679844,0.05301849,0.0100071225,0.01507723,0.023193667,0.36283484,-0.2298975450594194,-1.264643055049315
0.1799999999999999,-857016000.0,0.098077474163053,-0.0368200987577438,-0.1344897747039795,0.0534816347062587,-0.2385956048965454,-2339994337280.0,0.01,0.01,0.01,0.01,0.01,0.01,0.01,1.0,1.0,1.0,1.0,1.0,1.0,1.0,0.01,0.098077476,0.01,0.01,0.053481635,0.01,0.01,0.22873221,0.18378983,0.048312515,0.010006422,0.042023677,0.021851407,0.36283484,-0.2427023716319608,-1.24990620547731
0.1899999999999999,-857016000.0,0.0815050773840763,-0.0670812129974365,-0.1508344411849975,-0.0823482424020767,-0.1496318524532439,-2339994337280.0,0.01,0.01,0.01,0.01,0.01,0.01,0.01,1.0,1.0,1.0,1.0,1.0,1.0,1.0,0.01,0.081505075,0.01,0.01,0.01,0.01,0.01,0.22873221,0.17006633,0.04416697,0.010005791,0.04018282,0.02064973,0.36283484,-0.2537269962291793,-0.9395364254955522
0.1999999999999999,-857016000.0,0.010627454664273,-0.0816205963492393,-0.1484171450138092,-0.0304019562900066,-0.0699127534814046,-2339994337280.0,0.01,0.01,0.01,0.01,0.01,0.01,0.01,1.0,1.0,1.0,1.0,1.0,1.0,1.0,0.01,0.010627455,0.01,0.01,0.01,0.01,0.01,0.22873221,0.15192086,0.040500656,0.010005221,0.036974985,0.019571744,0.36283484,-0.2605287009774819,-0.4662888784805795
0.2099999999999999,-857016000.0,-0.0870592004911987,-0.0735631585121154,-0.1316811144351959,0.0023945122957229,0.0081501533221295,-2339994337280.0,0.01,0.01,0.01,0.01,0.01,0.01,0.01,1.0,1.0,1.0,1.0,1.0,1.0,1.0,0.01,0.01,0.01,0.01,0.01,0.01,0.01,0.22873221,0.13288298,0.03725752,0.010004707,0.034131236,0.018605828,0.36283484,-0.2626220399869205,-0.0215222164082607
0.2199999999999999,-857016000.0,-0.1324635744094848,-0.0502586588263511,-0.1073352247476577,0.0067476294934749,0.1047908862681082,-2339994337280.0,0.01,0.01,0.01,0.01,0.01,0.01,0.01,1.0,1.0,1.0,1.0,1.0,1.0,1.0,0.01,0.01,0.01,0.01,0.01,0.10479089,0.01,0.22873221,0.11699869,0.034386676,0.010004244,0.03160904,0.06142592,0.36283484,-0.2610721225577292,0.2837941267233301
0.2299999999999999,-857016000.0,-0.1190088242292404,-0.0231768265366554,-0.0852333605289459,-0.0096257273107767,-0.036865594868561,-2339994337280.0,0.01,0.01,0.01,0.01,0.01,0.01,0.01,1.0,1.0,1.0,1.0,1.0,1.0,1.0,0.01,0.01,0.01,0.01,0.01,0.01,0.01,0.22873221,0.1035561,0.03183222,0.010003827,0.029361041,0.05889853,0.36283484,-0.2568691273485303,0.5235954771350643
0.24,-857016000.0,-0.1008320748805999,-0.0015075430274009,-0.0700462013483047,-0.0280308350920677,-0.0327117458181142,-2339994337280.0,0.01,0.01,0.01,0.01,0.01,0.01,0.01,1.0,1.0,1.0,1.0,1.0,1.0,1.0,0.01,0.01,0.01,0.01,0.01,0.01,0.01,0.22873221,0.09209634,0.029557029,0.010003449,0.027355801,0.053461656,0.36283484,-0.250559384355272,0.7021964321109619
0.25,-857016000.0,-0.0845646783709526,0.0378182046115398,-0.0492845028638839,-0.0444197915494442,-0.0794635094357837,-2339994337280.0,0.01,0.01,0.01,0.01,0.01,0.01,0.01,1.0,1.0,1.0,1.0,1.0,1.0,1.0,0.01,0.01,0.037818205,0.01,0.01,0.01,0.01,0.22873221,0.082274355,0.035009053,0.010003109,0.025566993,0.04868896,0.36283484,-0.2428266160318434,0.8175434874255438
0.26,-857016000.0,-0.0781031623482704,0.0264243297278881,-0.0346431471407413,-0.064417153596878,-0.1274327095167786,-2339994337280.0,0.01,0.01,0.01,0.01,0.01,0.01,0.01,1.0,1.0,1.0,1.0,1.0,1.0,1.0,0.01,0.01,0.02642433,0.01,0.01,0.01,0.01,0.22873221,0.07379584,0.034765523,0.010002803,0.023968183,0.044483118,0.36283484,-0.2343088409471224,0.8677755030098997
0.27,-857016000.0,-0.0616364166805042,0.0693955272436142,-0.0281949937343597,-0.0857909098267555,-0.1512556078357897,-2339994337280.0,0.01,0.01,0.01,0.01,0.01,0.01,0.01,1.0,1.0,1.0,1.0,1.0,1.0,1.0,0.01,0.01,0.06939553,0.01,0.01,0.01,0.01,0.22873221,0.06647354,0.05838233,0.010002527,0.022543151,0.04078267,0.36283484,-0.2256441963512299,0.852296391547781
0.28,-857016000.0,0.0358640770052739,0.0147486450150609,-0.0152669437229633,-0.1026520878076553,-0.1939229149601495,-2339994337280.0,0.01,0.01,0.01,0.01,0.01,0.01,0.01,1.0,1.0,1.0,1.0,1.0,1.0,1.0,0.01,0.035864078,0.014748645,0.01,0.01,0.01,0.01,0.22873221,0.061155323,0.055839263,0.010002279,0.021266622,0.03750433,0.36283484,-0.217714273770003,0.7330863928352002
0.29,-857016000.0,0.1221468561138663,0.0505130589008331,-0.0149232633411884,-0.1118821054697036,-0.2915283967522434,-2339994337280.0,0.01,0.01,0.01,0.01,0.01,0.01,0.01,1.0,1.0,1.0,1.0,1.0,1.0,1.0,0.01,0.12214686,0.05051306,0.01,0.01,0.01,0.01,0.22873221,0.08716331,0.054697488,0.010002054,0.020124732,0.0346011,0.36283484,-0.2113619483386215,0.5499465821620062
0.3,-857016000.0,0.1787324414724691,0.0754491984844207,-0.0213008224964141,-0.1120207011699676,-0.4079392254352569,-2339994337280.0,0.01,0.01,0.01,0.01,0.01,0.01,0.01,1.0,1.0,1.0,1.0,1.0,1.0,1.0,0.01,0.17873244,0.0754492,0.01,0.01,0.01,0.01,0.22873221,0.1297393,0.06811945,0.010001852,0.019102218,0.032024473,0.36283484,-0.2071911865413105,0.2906119173646304
0.31,-857016000.0,0.2354850761536728,0.0454213730990886,-0.0314633771777153,-0.1040654778480529,-0.39986053109169,-2339994337280.0,0.01,0.01,0.01,0.01,0.01,0.01,0.01,1.0,1.0,1.0,1.0,1.0,1.0,1.0,0.01,0.23548508,0.045421373,0.01,0.01,0.01,0.01,0.22873221,0.183569,0.06660769,0.01000167,0.01818534,0.029732225,0.36283484,-0.2063699772858433,-0.1110523166049175
0.32,-857016000.0,0.2089723301943175,0.0466940477490425,-0.0462790727615356,-0.0867090225219726,-0.3840906322002411,-2339994337280.0,0.01,0.01,0.01,0.01,0.01,0.01,0.01,1.0,1.0,1.0,1.0,1.0,1.0,1.0,0.01,0.20897233,0.046694048,0.01,0.01,0.01,0.01,0.22873221,0.20389432,0.06433167,0.010001506,0.017362142,0.027688578,0.36283484,-0.2102685732129915,-0.6151828544446557
0.33,-857016000.0,0.1777414333308187,0.0308729521930217,-0.0634761005640029,-0.0631949231028556,-0.363527238368988,-2339994337280.0,0.01,0.01,0.01,0.01,0.01,0.01,0.01,1.0,1.0,1.0,1.0,1.0,1.0,1.0,0.01,0.17774144,0.030872952,0.01,0.01,0.01,0.01,0.22873221,0.20540132,0.060763545,0.010001358,0.016623775,0.025867157,0.36283484,-0.2188897318862003,-1.031775464831874
0.3400000000000001,-857016000.0,0.1323028188867899,0.001227299682796,-0.0987690910696983,-0.0215338580310344,-0.3230957090854645,-2339994337280.0,0.01,0.01,0.01,0.01,0.01,0.01,0.01,1.0,1.0,1.0,1.0,1.0,1.0,1.0,0.01,0.13230282,0.01,0.01,0.01,0.01,0.01,0.22873221,0.19739595,0.055336133,0.010001224,0.015961098,0.024241706,0.36283484,-0.2304572695910647,-1.2285579152055262
0.3500000000000001,-857016000.0,0.099844267841465,-0.0323269106447696,-0.1310012489557266,0.0493439063429832,-0.2443554848432541,-2339994337280.0,0.01,0.01,0.01,0.01,0.01,0.01,0.01,1.0,1.0,1.0,1.0,1.0,1.0,1.0,0.01,0.09984427,0.01,0.01,0.049343906,0.01,0.01,0.22873221,0.18464439,0.050349955,0.010001103,0.039217774,0.022788987,0.36283484,-0.2429273279996609,-1.2209194629946791
0.3600000000000001,-857016000.0,0.0811754307465837,-0.0619974099099636,-0.1475488096475601,-0.0709623321890831,-0.1470305040589918,-2339994337280.0,0.01,0.01,0.01,0.01,0.01,0.01,0.01,1.0,1.0,1.0,1.0,1.0,1.0,1.0,0.01,0.08117543,0.01,0.01,0.01,0.01,0.01,0.22873221,0.17089583,0.045963645,0.010000995,0.037488606,0.021489315,0.36283484,-0.253784509062634,-0.9346925975067712
0.3700000000000001,-857016000.0,0.0075136721178977,-0.0771365463733673,-0.147041916847229,-0.0254816897213459,-0.0633340890601723,-2339994337280.0,0.01,0.01,0.01,0.01,0.01,0.01,0.01,1.0,1.0,1.0,1.0,1.0,1.0,1.0,0.01,0.01,0.01,0.01,0.01,0.01,0.01,0.22873221,0.15244003,0.042087853,0.010000898,0.034586158,0.020323817,0.36283484,-0.2607190182724291,-0.4949231439023245
0.3799999999999999,-857016000.0,-0.0925492303946453,-0.0711849406361579,-0.1321575343608856,0.0101638659834861,0.0184141596029631,-2339994337280.0,0.01,0.01,0.01,0.01,0.01,0.01,0.01,1.0,1.0,1.0,1.0,1.0,1.0,1.0,0.01,0.01,0.01,0.01,0.010163866,0.01841416,0.01,0.22873221,0.13329963,0.038662322,0.010000809,0.032023937,0.019619137,0.36283484,-0.2632911361622955,-0.0845135503172224
0.3899999999999999,-857016000.0,-0.1330671161413192,-0.0506933070719242,-0.1097284853458404,0.0115510709583759,0.1084481219869125,-2339994337280.0,0.01,0.01,0.01,0.01,0.01,0.01,0.01,1.0,1.0,1.0,1.0,1.0,1.0,1.0,0.01,0.01,0.01,0.01,0.011551071,0.108448125,0.01,0.22873221,0.11733359,0.0356311,0.010000729,0.029879952,0.06524473,0.36283484,-0.2624615050027956,0.2061724774537221
0.3999999999999999,-857016000.0,-0.1215938255190849,-0.0260577332228422,-0.0890186131000518,-0.0069089606404304,-0.0367616975978331,-2339994337280.0,0.01,0.01,0.01,0.01,0.01,0.01,0.01,1.0,1.0,1.0,1.0,1.0,1.0,1.0,0.01,0.01,0.01,0.01,0.01,0.01,0.01,0.22873221,0.10381984,0.032935105,0.010000657,0.027827915,0.06199727,0.36283484,-0.2589559318325282,0.4592257904343744
0.4099999999999999,-857016000.0,-0.1052247434854507,-0.0057743191719055,-0.0737235695123672,-0.0253147557377815,-0.031855090445476,-2339994337280.0,0.01,0.01,0.01,0.01,0.01,0.01,0.01,1.0,1.0,1.0,1.0,1.0,1.0,1.0,0.01,0.01,0.01,0.01,0.01,0.01,0.01,0.22873221,0.092322454,0.030538557,0.010000593,0.025988664,0.056175023,0.36283484,-0.2531403413501993,0.664923311716035
0.4199999999999999,-857016000.0,-0.0890887081623077,0.0285782031714916,-0.0551326535642147,-0.0420528948307037,-0.077698393053073,-2339994337280.0,0.01,0.01,0.01,0.01,0.01,0.01,0.01,1.0,1.0,1.0,1.0,1.0,1.0,1.0,0.01,0.01,0.028578203,0.01,0.01,0.01,0.01,0.22873221,0.08247157,0.030047465,0.010000534,0.024346812,0.051073495,0.36283484,-0.2456411368397167,0.8068390806026094
0.4299999999999999,-857016000.0,-0.080685518682003,0.059532094746828,-0.031177781522274,-0.0612831190228462,-0.1241671917286132,-2339994337280.0,0.01,0.01,0.01,0.01,0.01,0.01,0.01,1.0,1.0,1.0,1.0,1.0,1.0,1.0,0.01,0.01,0.059532095,0.01,0.01,0.01,0.01,0.22873221,0.073996164,0.050196193,0.010000482,0.022881912,0.04659706,0.36283484,-0.2370425294705933,0.8894742265972095
0.4399999999999999,-857016000.0,-0.0485731664392409,0.0049006179906427,-0.0156919062137603,-0.0841434374451637,-0.147405630493369,-2339994337280.0,0.01,0.01,0.01,0.01,0.01,0.01,0.01,1.0,1.0,1.0,1.0,1.0,1.0,1.0,0.01,0.01,0.01,0.01,0.01,0.01,0.01,0.22873221,0.06663982,0.047526013,0.010000435,0.021570222,0.04264618,0.36283484,-0.2282760671927071,0.8481393918191134
0.4499999999999999,-857016000.0,0.0488939521783439,0.0473118126392364,-0.0223989151418209,-0.1022387742996215,-0.200769739771314,-2339994337280.0,0.01,0.01,0.01,0.01,0.01,0.01,0.01,1.0,1.0,1.0,1.0,1.0,1.0,1.0,0.01,0.04889395,0.047311813,0.01,0.01,0.01,0.01,0.22873221,0.061615698,0.04709461,0.010000392,0.02039352,0.039146706,0.36283484,-0.2204360495419788,0.7349493427882963
0.4599999999999999,-857016000.0,0.1355056566564439,0.0784142017364502,-0.0173374824225902,-0.1113259643316268,-0.3033372095259423,-2339994337280.0,0.01,0.01,0.01,0.01,0.01,0.01,0.01,1.0,1.0,1.0,1.0,1.0,1.0,1.0,0.01,0.13550566,0.0784142,0.01,0.01,0.01,0.01,0.22873221,0.095368184,0.067922875,0.010000353,0.019344125,0.036063075,0.36283484,-0.2138087284411252,0.5844261388579496
0.47,-857016000.0,0.1900477494377381,0.0354081243276596,-0.0208517760038375,-0.1128788366913795,-0.4060447812080383,-2339994337280.0,0.01,0.01,0.01,0.01,0.01,0.01,0.01,1.0,1.0,1.0,1.0,1.0,1.0,1.0,0.01,0.19004776,0.035408124,0.01,0.01,0.01,0.01,0.22873221,0.13886833,0.0655781,0.010000318,0.01840331,0.033326574,0.36283484,-0.2095097200946482,0.2711182216652855
0.48,-857016000.0,0.2375113956544311,0.0538738518953323,-0.0316749289631843,-0.1047134846448898,-0.3984029293060303,-2339994337280.0,0.01,0.01,0.01,0.01,0.01,0.01,0.01,1.0,1.0,1.0,1.0,1.0,1.0,1.0,0.01,0.2375114,0.053873852,0.01,0.01,0.01,0.01,0.22873221,0.19023226,0.06405185,0.010000287,0.017558785,0.030892286,0.36283484,-0.2092100764876215,-0.1893169978193233
0.49,-857016000.0,0.2075646554460837,0.0491890273988246,-0.0486902967095375,-0.0844838172197341,-0.3808297514915466,-2339994337280.0,0.01,0.01,0.01,0.01,0.01,0.01,0.01,1.0,1.0,1.0,1.0,1.0,1.0,1.0,0.01,0.20756465,0.049189027,0.01,0.01,0.01,0.01,0.22873221,0.2073676,0.062438175,0.010000259,0.016799172,0.028720194,0.36283484,-0.2140662442544557,-0.7091451971421714
0.5,-857016000.0,0.1732012258360615,0.0271651446819305,-0.0693021044135093,-0.0588440634310245,-0.3586185872554779,-2339994337280.0,0.01,0.01,0.01,0.01,0.01,0.01,0.01,1.0,1.0,1.0,1.0,1.0,1.0,1.0,0.01,0.17320123,0.027165145,0.01,0.01,0.01,0.01,0.22873221,0.20558608,0.058733176,0.010000234,0.01611853,0.026788358,0.36283484,-0.223464810147762,-1.094288900379326
0.51,-857016000.0,0.1282334167508603,-0.0051784524694085,-0.1058518439531326,-0.0089166313409805,-0.3103004992008209,-2339994337280.0,0.01,0.01,0.01,0.01,0.01,0.01,0.01,1.0,1.0,1.0,1.0,1.0,1.0,1.0,0.01,0.12823342,0.01,0.01,0.01,0.01,0.01,0.22873221,0.19680946,0.053517148,0.01000021,0.015506815,0.025063388,0.36283484,-0.2354273668961903,-1.250375037920542
0.52,-857016000.0,0.097746920676223,-0.0396731682121753,-0.1270058751106262,0.0569469034671783,-0.2324099391698837,-2339994337280.0,0.01,0.01,0.01,0.01,0.01,0.01,0.01,1.0,1.0,1.0,1.0,1.0,1.0,1.0,0.01,0.09774692,0.01,0.01,0.056946903,0.01,0.01,0.22873221,0.18363075,0.04875037,0.01000019,0.044513013,0.023523422,0.36283484,-0.2479251175201533,-1.2076960918842483
0.53,-857016000.0,0.0711349780263509,-0.0683921426534652,-0.1465576291084289,-0.0849117711186409,-0.1245029612891698,-2339994337280.0,0.01,0.01,0.01,0.01,0.01,0.01,0.01,1.0,1.0,1.0,1.0,1.0,1.0,1.0,0.01,0.07113498,0.01,0.01,0.01,0.01,0.01,0.22873221,0.16937433,0.04455365,0.010000171,0.042465616,0.02214651,0.36283484,-0.2583911223392611,-0.8728619760795355
0.54,-857016000.0,-0.0119173162168215,-0.0806655436754226,-0.1489873975515365,-0.0309749860316514,-0.0423619263930487,-2339994337280.0,0.01,0.01,0.01,0.01,0.01,0.01,0.01,1.0,1.0,1.0,1.0,1.0,1.0,1.0,0.01,0.01,0.01,0.01,0.01,0.01,0.01,0.22873221,0.15007578,0.040841013,0.010000154,0.03899479,0.020911872,0.36283484,-0.264430988159864,-0.387362339613199
0.55,-857016000.0,-0.114868720233241,-0.0703586488962173,-0.129339799284935,-0.0032348223030567,0.0402527915641999,-2339994337280.0,0.01,0.01,0.01,0.01,0.01,0.01,0.01,1.0,1.0,1.0,1.0,1.0,1.0,1.0,0.01,0.01,0.01,0.01,0.01,0.04025279,0.01,0.22873221,0.13134141,0.03755941,0.010000139,0.03592341,0.02836583,0.36283484,-0.265707956076535,0.0626160139076132
0.56,-857016000.0,-0.1298910826444625,-0.0456657111644744,-0.1040534824132919,0.0010418631136417,0.0784111967576914,-2339994337280.0,0.01,0.01,0.01,0.01,0.01,0.01,0.01,1.0,1.0,1.0,1.0,1.0,1.0,1.0,0.01,0.01,0.01,0.01,0.01,0.0784112,0.01,0.22873221,0.115699016,0.03465424,0.0100001255,0.03320159,0.050575964,0.36283484,-0.2632467102321507,0.3770523646257364
0.5700000000000001,-857016000.0,-0.1140733808279037,-0.0181723833084106,-0.0811550468206405,-0.0137504842132329,0.0045031284907228,-2339994337280.0,0.01,0.01,0.01,0.01,0.01,0.01,0.01,1.0,1.0,1.0,1.0,1.0,1.0,1.0,0.01,0.01,0.01,0.01,0.01,0.01,0.01,0.22873221,0.1024598,0.032070927,0.010000113,0.030779187,0.049193095,0.36283484,-0.2582899367322247,0.5784459497417291
0.5800000000000001,-857016000.0,-0.0947222113609314,0.0060629304498434,-0.0660221055150032,-0.0308328457176685,-0.0287702274285695,-2339994337280.0,0.01,0.01,0.01,0.01,0.01,0.01,0.01,1.0,1.0,1.0,1.0,1.0,1.0,1.0,0.01,0.01,0.01,0.01,0.01,0.01,0.01,0.22873221,0.09116575,0.029770413,0.010000102,0.028620271,0.044934772,0.36283484,-0.2517983292636508,0.6935502601021422
0.5900000000000001,-857016000.0,-0.0818216800689697,0.049008872359991,-0.0450047552585601,-0.0454504936933517,-0.0845853670937673,-2339994337280.0,0.01,0.01,0.01,0.01,0.01,0.01,0.01,1.0,1.0,1.0,1.0,1.0,1.0,1.0,0.01,0.01,0.049008872,0.01,0.01,0.01,0.01,0.22873221,0.0814804,0.04261937,0.010000092,0.02669597,0.041177113,0.36283484,-0.2444614693604153,0.7554673963321946
0.6000000000000001,-857016000.0,-0.0803310051560401,0.0061484528705477,-0.0332776494324207,-0.0640248879790306,-0.1286823924085977,-2339994337280.0,0.01,0.01,0.01,0.01,0.01,0.01,0.01,1.0,1.0,1.0,1.0,1.0,1.0,1.0,0.01,0.01,0.01,0.01,0.01,0.01,0.01,0.22873221,0.07312537,0.040568,0.010000083,0.02497888,0.03785383,0.36283484,-0.2369140429767742,0.7447778946175206
0.6100000000000001,-857016000.0,-0.0249632997598069,0.0463335700333118,-0.0216262675821781,-0.0806202217936515,-0.1466724171725437,-2339994337280.0,0.01,0.01,0.01,0.01,0.01,0.01,0.01,1.0,1.0,1.0,1.0,1.0,1.0,1.0,0.01,0.01,0.04633357,0.01,0.01,0.01,0.01,0.22873221,0.065870576,0.04429105,0.010000074,0.023443356,0.034905188,0.36283484,-0.2297397711764542,0.6939177141851365
0.6200000000000001,-857016000.0,0.0670284671839048,0.0487399995326995,-0.01071672514081,-0.0920675545930862,-0.2165746441213776,-2339994337280.0,0.01,0.01,0.01,0.01,0.01,0.01,0.01,1.0,1.0,1.0,1.0,1.0,1.0,1.0,0.01,0.06702847,0.04874,0.01,0.01,0.01,0.01,0.22873221,0.06300285,0.04738005,0.010000067,0.022063171,0.03227272,0.36283484,-0.2231839759576129,0.6315099730569315
0.6299999999999999,-857016000.0,0.1492043485693297,0.0541181452572345,-0.0275101587176322,-0.0985531061887741,-0.3270044258882608,-2339994337280.0,0.01,0.01,0.01,0.01,0.01,0.01,0.01,1.0,1.0,1.0,1.0,1.0,1.0,1.0,0.01,0.14920434,0.054118145,0.01,0.01,0.01,0.01,0.22873221,0.10381661,0.05190558,0.01000006,0.020838652,0.029952988,0.36283484,-0.217343883505443,0.531177535238914
0.6399999999999999,-857016000.0,0.2096989260699611,0.0520034432411193,-0.0275730490684509,-0.101059041917324,-0.3999568521976471,-2339994337280.0,0.01,0.01,0.01,0.01,0.01,0.01,0.01,1.0,1.0,1.0,1.0,1.0,1.0,1.0,0.01,0.20969893,0.052003443,0.01,0.01,0.01,0.01,0.22873221,0.15307492,0.052146893,0.010000055,0.019743122,0.027889268,0.36283484,-0.2132033549930154,0.2874841938342898
0.6499999999999999,-857016000.0,0.2302394305357277,0.0578721798956394,-0.0345527008175849,-0.0966375321149826,-0.3947406411170959,-2339994337280.0,0.01,0.01,0.01,0.01,0.01,0.01,0.01,1.0,1.0,1.0,1.0,1.0,1.0,1.0,0.01,0.23023944,0.05787218,0.01,0.01,0.01,0.01,0.22873221,0.1956946,0.05594625,0.010000049,0.018760683,0.026047722,0.36283484,-0.2124608812601773,-0.1305888222551031
0.6599999999999999,-857016000.0,0.2033294849441385,0.0376442074775695,-0.0488160476088523,-0.0811666399240493,-0.3802478611469269,-2339994337280.0,0.01,0.01,0.01,0.01,0.01,0.01,0.01,1.0,1.0,1.0,1.0,1.0,1.0,1.0,0.01,0.20332949,0.037644207,0.01,0.01,0.01,0.01,0.22873221,0.21038269,0.05430319,0.0100000445,0.017877992,0.024400389,0.36283484,-0.2166870563157379,-0.6524038753119012
0.6699999999999999,-857016000.0,0.1654772871652296,0.0203892774879932,-0.0671157464385032,-0.0583836957812309,-0.3596822321414947,-2339994337280.0,0.01,0.01,0.01,0.01,0.01,0.01,0.01,1.0,1.0,1.0,1.0,1.0,1.0,1.0,0.01,0.16547729,0.020389277,0.01,0.01,0.01,0.01,0.22873221,0.20673549,0.050775073,0.01000004,0.017087162,0.022930453,0.36283484,-0.2256587610123135,-1.064873945558665
0.6799999999999999,-857016000.0,0.1245920354901672,-0.0087214736267924,-0.1029252037405967,-0.0128893591463565,-0.3158255815505981,-2339994337280.0,0.01,0.01,0.01,0.01,0.01,0.01,0.01,1.0,1.0,1.0,1.0,1.0,1.0,1.0,0.01,0.124592036,0.01,0.01,0.01,0.01,0.01,0.22873221,0.19686435,0.04644263,0.010000036,0.016377125,0.02161539,0.36283484,-0.237468106906164,-1.2449632658492384
0.69,-857016000.0,0.0997119453459965,-0.0435238070785999,-0.1269776970148086,0.0568241775035858,-0.2133188816765265,-2339994337280.0,0.01,0.01,0.01,0.01,0.01,0.01,0.01,1.0,1.0,1.0,1.0,1.0,1.0,1.0,0.01,0.09971195,0.01,0.01,0.056824178,0.01,0.01,0.22873221,0.18355943,0.042517476,0.010000032,0.044619173,0.020438522,0.36283484,-0.24997408418835,-1.211732591729335
0.7,-857016000.0,0.0496033987594945,-0.0734807848930358,-0.1484078764915466,-0.0783656239509582,-0.0930451885407276,-2339994337280.0,0.01,0.01,0.01,0.01,0.01,0.01,0.01,1.0,1.0,1.0,1.0,1.0,1.0,1.0,0.01,0.0496034,0.01,0.01,0.01,0.01,0.01,0.22873221,0.16741788,0.039047398,0.01000003,0.042559005,0.01938398,0.36283484,-0.2604891440370528,-0.8776160154195882
0.71,-857016000.0,-0.0476505453863705,-0.0863752961158752,-0.150368183851242,-0.0274746697396039,-0.0055000000741171,-2339994337280.0,0.01,0.01,0.01,0.01,0.01,0.01,0.01,1.0,1.0,1.0,1.0,1.0,1.0,1.0,0.01,0.01,0.01,0.01,0.01,0.01,0.01,0.22873221,0.14619651,0.035968956,0.010000027,0.03907896,0.018437272,0.36283484,-0.2665450036264122,-0.3807720165615654
0.72,-857016000.0,-0.1414815634489059,-0.0755398795008659,-0.1302679926156997,0.0012516137212514,0.0823893036673034,-2339994337280.0,0.01,0.01,0.01,0.01,0.01,0.01,0.01,1.0,1.0,1.0,1.0,1.0,1.0,1.0,0.01,0.01,0.01,0.01,0.01,0.0823893,0.01,0.22873221,0.12811264,0.03323865,0.010000024,0.035998374,0.047240797,0.36283484,-0.2676489895733285,0.0927348231631771
0.73,-857016000.0,-0.1300874799489975,-0.0493653230369091,-0.1040500402450561,0.0032610185444355,0.0100579256592437,-2339994337280.0,0.01,0.01,0.01,0.01,0.01,0.01,0.01,1.0,1.0,1.0,1.0,1.0,1.0,1.0,0.01,0.01,0.01,0.01,0.01,0.010057925,0.01,0.22873221,0.11297263,0.030813925,0.010000021,0.033267234,0.04639863,0.36283484,-0.2645347137843353,0.4770519927564355
0.74,-857016000.0,-0.1124238148331642,-0.0197512060403823,-0.0798328593373298,-0.0148901920765638,0.0189896128716588,-2339994337280.0,0.01,0.01,0.01,0.01,0.01,0.01,0.01,1.0,1.0,1.0,1.0,1.0,1.0,1.0,0.01,0.01,0.01,0.01,0.01,0.018989613,0.01,0.22873221,0.10014852,0.02865417,0.010000019,0.03083818,0.04431208,0.36283484,-0.2583037726304227,0.7168800452991325
0.75,-857016000.0,-0.0892198234796524,0.0110022947192192,-0.0598600059747695,-0.0346403755247592,-0.0406380532924288,-2339994337280.0,0.01,0.01,0.01,0.01,0.01,0.01,0.01,1.0,1.0,1.0,1.0,1.0,1.0,1.0,0.01,0.01,0.011002295,0.01,0.01,0.01,0.01,0.22873221,0.08919907,0.026820058,0.0100000175,0.028674325,0.040730856,0.36283484,-0.2504857999950821,0.818868136875571
0.76,-857016000.0,-0.0750921890139579,0.065139815211296,-0.0328531004488468,-0.0529619753360748,-0.1027114219038665,-2339994337280.0,0.01,0.01,0.01,0.01,0.01,0.01,0.01,1.0,1.0,1.0,1.0,1.0,1.0,1.0,0.01,0.01,0.065139815,0.01,0.01,0.01,0.01,0.22873221,0.07980176,0.053276513,0.010000016,0.02674642,0.037462708,0.36283484,-0.2420961110386549,0.8405280951314933
0.77,-857016000.0,-0.075641430914402,-0.0157452672719955,-0.0307268686592578,-0.0743619501590728,-0.1413366054299006,-2339994337280.0,0.01,0.01,0.01,0.01,0.01,0.01,0.01,1.0,1.0,1.0,1.0,1.0,1.0,1.0,0.01,0.01,0.01,0.01,0.01,0.01,0.01,0.22873221,0.07167414,0.05060612,0.010000015,0.025024181,0.034562152,0.36283484,-0.2340851549365404,0.7545430182893332
0.78,-857016000.0,0.0198927653458065,0.0235947556793689,-0.0311014764010906,-0.0896230190992355,-0.174272601820229,-2339994337280.0,0.01,0.01,0.01,0.01,0.01,0.01,0.01,1.0,1.0,1.0,1.0,1.0,1.0,1.0,0.01,0.019892765,0.023594756,0.01,0.01,0.01,0.01,0.22873221,0.0649523,0.047429465,0.010000013,0.023483282,0.03198198,0.36283484,-0.2274074156299523,0.6027720233419239
0.79,-857016000.0,0.1086814368018916,0.0615518502891063,-0.0319032557308673,-0.09586201608181,-0.2633773428213719,-2339994337280.0,0.01,0.01,0.01,0.01,0.01,0.01,0.01,1.0,1.0,1.0,1.0,1.0,1.0,1.0,0.01,0.10868144,0.06155185,0.01,0.01,0.01,0.01,0.22873221,0.081407405,0.056312688,0.010000012,0.022108769,0.029692667,0.36283484,-0.2221434783981821,0.4674261276937181
0.8,-857016000.0,0.1679680351021811,0.0395021326839923,-0.0328107550740242,-0.0955948084592819,-0.3794382996985943,-2339994337280.0,0.01,0.01,0.01,0.01,0.01,0.01,0.01,1.0,1.0,1.0,1.0,1.0,1.0,1.0,0.01,0.16796803,0.039502133,0.01,0.01,0.01,0.01,0.22873221,0.12179599,0.05545343,0.01000001,0.020878753,0.02765353,0.36283484,-0.2184539591613496,0.2778580735779079
0.81,-857016000.0,0.2309909521730409,0.0509312003850936,-0.0390076115727424,-0.0903238356113433,-0.3913579881191253,-2339994337280.0,0.01,0.01,0.01,0.01,0.01,0.01,0.01,1.0,1.0,1.0,1.0,1.0,1.0,1.0,0.01,0.23099095,0.0509312,0.01,0.01,0.01,0.01,0.22873221,0.1756973,0.054809306,0.010000009,0.01977775,0.025835872,0.36283484,-0.2171953417826656,-0.0173790402973625
0.8200000000000001,-857016000.0,0.2118775221898113,0.045603759586811,-0.0494036525487899,-0.0785990878939628,-0.3792230784893036,-2339994337280.0,0.01,0.01,0.01,0.01,0.01,0.01,0.01,1.0,1.0,1.0,1.0,1.0,1.0,1.0,0.01,0.21187752,0.04560376,0.01,0.01,0.01,0.01,0.22873221,0.20007993,0.05384994,0.010000008,0.018790696,0.02421235,0.36283484,-0.2196095158676726,-0.4344069294755245
0.8300000000000001,-857016000.0,0.1843029324890115,0.0282521769404411,-0.0633431077003479,-0.0609372146427631,-0.3625932335853576,-2339994337280.0,0.01,0.01,0.01,0.01,0.01,0.01,0.01,1.0,1.0,1.0,1.0,1.0,1.0,1.0,0.01,0.18430293,0.028252177,0.01,0.01,0.01,0.01,0.22873221,0.20553319,0.051340092,0.010000007,0.017904604,0.022759678,0.36283484,-0.226361394991328,-0.8449983306814021
0.8400000000000001,-857016000.0,0.1409600225819753,0.0063352296128869,-0.0899568274617195,-0.0321895964443683,-0.3346962928771972,-2339994337280.0,0.01,0.01,0.01,0.01,0.01,0.01,0.01,1.0,1.0,1.0,1.0,1.0,1.0,1.0,0.01,0.14096002,0.01,0.01,0.01,0.01,0.01,0.22873221,0.19890924,0.047061007,0.010000007,0.017110772,0.02146218,0.36283484,-0.2363381997654151,-1.091590654951902
0.8500000000000001,-857016000.0,0.1074088219978594,-0.0250555351376533,-0.1124205291271209,0.0295069999992847,-0.2710678577423095,-2339994337280.0,0.01,0.01,0.01,0.01,0.01,0.01,0.01,1.0,1.0,1.0,1.0,1.0,1.0,1.0,0.01,0.10740882,0.01,0.01,0.029507,0.01,0.01,0.22873221,0.18725525,0.043059018,0.010000006,0.025750358,0.020300163,0.36283484,-0.2477497517182557,-1.1496326690376408
0.8600000000000001,-857016000.0,0.0845422507454455,-0.0556088387966156,-0.1364223659038543,-0.0305438451468944,-0.1541504840737164,-2339994337280.0,0.01,0.01,0.01,0.01,0.01,0.01,0.01,1.0,1.0,1.0,1.0,1.0,1.0,1.0,0.01,0.08454225,0.01,0.01,0.01,0.01,0.01,0.22873221,0.17381862,0.039522387,0.010000005,0.024810571,0.019258864,0.36283484,-0.2585384158642155,-0.9946656949043994
0.8700000000000001,-857016000.0,0.0055495189144088,-0.0761997178196907,-0.1487098336219787,0.028850644826889,-0.0554440150829822,-2339994337280.0,0.01,0.01,0.01,0.01,0.01,0.01,0.01,1.0,1.0,1.0,1.0,1.0,1.0,1.0,0.01,0.01,0.01,0.01,0.028850645,0.01,0.01,0.22873221,0.15540676,0.03638451,0.010000005,0.027517093,0.018323598,0.36283484,-0.2670274497036576,-0.732310251366983
0.8799999999999999,-857016000.0,-0.1018686851465198,-0.0811400264501571,-0.1424945592880249,0.0075147189199924,0.0409605496871574,-2339994337280.0,0.01,0.01,0.01,0.01,0.01,0.01,0.01,1.0,1.0,1.0,1.0,1.0,1.0,1.0,0.01,0.01,0.01,0.01,0.01,0.04096055,0.01,0.22873221,0.1357214,0.03360285,0.010000004,0.026343115,0.027117508,0.36283484,-0.2726110146985361,-0.4225068528538374
0.8899999999999999,-857016000.0,-0.1414002329111099,-0.0729278400540351,-0.1285586059093475,0.0223933160305023,0.0720449236879553,-2339994337280.0,0.01,0.01,0.01,0.01,0.01,0.01,0.01,1.0,1.0,1.0,1.0,1.0,1.0,1.0,0.01,0.01,0.01,0.01,0.022393316,0.072044924,0.01,0.22873221,0.11933329,0.031133987,0.010000004,0.025714424,0.047642585,0.36283484,-0.2749824394128655,-0.0896201432156821
0.8999999999999999,-857016000.0,-0.1376884132623672,-0.0555723756551742,-0.1108611449599266,0.0026645436882972,0.033665925973945,-2339994337280.0,0.01,0.01,0.01,0.01,0.01,0.01,0.01,1.0,1.0,1.0,1.0,1.0,1.0,1.0,0.01,0.01,0.01,0.01,0.01,0.033665925,0.01,0.22873221,0.10550244,0.028934415,0.0100000035,0.024246613,0.049352024,0.36283484,-0.273907649643292,0.254578487437484
0.91,-857016000.0,-0.1267903000116348,-0.0319181084632873,-0.0906184017658233,-0.0126806832849979,0.0030325817280972,-2339994337280.0,0.01,0.01,0.01,0.01,0.01,0.01,0.01,1.0,1.0,1.0,1.0,1.0,1.0,1.0,0.01,0.01,0.01,0.01,0.01,0.01,0.01,0.22873221,0.0937638,0.02697619,0.0100000035,0.02279056,0.046631303,0.36283484,-0.2696459411285727,0.5460866849997089
0.92,-857016000.0,-0.1098738610744476,-0.0104382215067744,-0.0745086222887039,-0.0304645970463752,-0.0558041731489118,-2339994337280.0,0.01,0.01,0.01,0.01,0.01,0.01,0.01,1.0,1.0,1.0,1.0,1.0,1.0,1.0,0.01,0.01,0.01,0.01,0.01,0.01,0.01,0.22873221,0.08371543,0.025229268,0.010000003,0.021488274,0.04267572,0.36283484,-0.2630348563756994,0.7351139589819118
0.93,-857016000.0,-0.0941190645098686,0.0306984074413776,-0.0518681481480598,-0.0471427999436855,-0.105286748473178,-2339994337280.0,0.01,0.01,0.01,0.01,0.01,0.01,0.01,1.0,1.0,1.0,1.0,1.0,1.0,1.0,0.01,0.01,0.030698407,0.01,0.01,0.01,0.01,0.22873221,0.07505369,0.02885219,0.010000003,0.020321941,0.03917876,0.36283484,-0.2550356894797184,0.8386223574713978
0.94,-857016000.0,-0.0287905536521904,0.0257405787706375,-0.027619581669569,-0.0713189616799354,-0.1305459648449215,-2339994337280.0,0.01,0.01,0.01,0.01,0.01,0.01,0.01,1.0,1.0,1.0,1.0,1.0,1.0,1.0,0.01,0.01,0.025740579,0.01,0.01,0.01,0.01,0.22873221,0.067552485,0.028904686,0.010000003,0.01927716,0.036082394,0.36283484,-0.2463831218922493,0.8788689419499902
0.95,-857016000.0,0.0729129351745141,0.0649027228355407,-0.0156482048332691,-0.0925291776657104,-0.2081121864713103,-2339994337280.0,0.01,0.01,0.01,0.01,0.01,0.01,0.01,1.0,1.0,1.0,1.0,1.0,1.0,1.0,0.01,0.07291294,0.06490272,0.01,0.01,0.01,0.01,0.22873221,0.06724117,0.05365217,0.010000003,0.018342083,0.033340048,0.36283484,-0.237539804217459,0.8773532392417874
0.96,-857016000.0,0.1516672121783306,-0.0036641522310674,-0.0112302489578723,-0.1085394024848938,-0.3272571553654012,-2339994337280.0,0.01,0.01,0.01,0.01,0.01,0.01,0.01,1.0,1.0,1.0,1.0,1.0,1.0,1.0,0.01,0.15166721,0.01,0.01,0.01,0.01,0.01,0.22873221,0.10640587,0.05069922,0.010000002,0.017504139,0.03090519,0.36283484,-0.2294708122683535,0.7133412010390267
0.97,-857016000.0,0.2224620424587748,0.0336642637848854,-0.0029671713709831,-0.1155777275562286,-0.4061027765274048,-2339994337280.0,0.01,0.01,0.01,0.01,0.01,0.01,0.01,1.0,1.0,1.0,1.0,1.0,1.0,1.0,0.01,0.22246204,0.033664264,0.01,0.01,0.01,0.01,0.22873221,0.1613704,0.048589323,0.010000002,0.016752103,0.028737776,0.36283484,-0.2241780783731085,0.3421890583662881
0.98,-857016000.0,0.2375356551998294,0.056806307286024,-0.0330604203045368,-0.1074745580554008,-0.4002231955528259,-2339994337280.0,0.01,0.01,0.01,0.01,0.01,0.01,0.01,1.0,1.0,1.0,1.0,1.0,1.0,1.0,0.01,0.23753566,0.056806307,0.01,0.01,0.01,0.01,0.22873221,0.20329511,0.05401746,0.010000002,0.01607657,0.026804993,0.36283484,-0.2235813290863091,-0.2000828033875538
0.99,-857016000.0,0.2102538539122062,0.0279948282986879,-0.0518629848957061,-0.0837502926588058,-0.3806332349777221,-2339994337280.0,0.01,0.01,0.01,0.01,0.01,0.01,0.01,1.0,1.0,1.0,1.0,1.0,1.0,1.0,0.01,0.21025385,0.027994828,0.01,0.01,0.01,0.01,0.22873221,0.21705762,0.051821012,0.010000002,0.015468499,0.02507639,0.36283484,-0.2290153430553305,-0.8037769816816741
1.0,-857016000.0,0.1668893171088051,0.0092994635924696,-0.0677641481161117,-0.0532616525888443,-0.3540350198745727,-2339994337280.0,0.01,0.01,0.01,0.01,0.01,0.01,0.01,1.0,1.0,1.0,1.0,1.0,1.0,1.0,0.01,0.16688931,0.01,0.01,0.01,0.01,0.01,0.22873221,0.21259736,0.047450937,0.010000002,0.0149231525,0.023535354,0.36283484,-0.2396370819097203,-1.2349696816052396
1.0099999999999998,-857016000.0,0.120520423395279,-0.024917583912611,-0.1104106307029724,0.0068325288593769,-0.2989991307258606,-2339994337280.0,0.01,0.01,0.01,0.01,0.01,0.01,0.01,1.0,1.0,1.0,1.0,1.0,1.0,1.0,0.01,0.12052042,0.01,0.01,0.01,0.01,0.01,0.22873221,0.20130274,0.04340365,0.010000002,0.014432483,0.022156043,0.36283484,-0.2530976757441417,-1.406795120184429
1.02,-857016000.0,0.0926253808599738,-0.0655183270573616,-0.1505421102046966,0.0770374536514282,-0.1728260996465532,-2339994337280.0,0.01,0.01,0.01,0.01,0.01,0.01,0.01,1.0,1.0,1.0,1.0,1.0,1.0,1.0,0.01,0.09262538,0.01,0.01,0.07703745,0.01,0.01,0.22873221,0.18616477,0.03983317,0.010000001,0.05825501,0.020923126,0.36283484,-0.2670986053353767,-1.3391267700032412
1.0299999999999998,-857016000.0,0.0308918292085861,-0.0992346480488777,-0.1726989448070526,-0.1086985617876052,-0.0593455770852084,-2339994337280.0,0.01,0.01,0.01,0.01,0.01,0.01,0.01,1.0,1.0,1.0,1.0,1.0,1.0,1.0,0.01,0.03089183,0.01,0.01,0.01,0.01,0.01,0.22873221,0.16733852,0.036670815,0.010000001,0.055198703,0.01981849,0.36283484,-0.2783445415387015,-0.8936550444352663
1.04,-857016000.0,-0.0691568804065237,-0.1096397638320922,-0.1646048128604889,-0.0306089427322149,0.0236067007597923,-2339994337280.0,0.01,0.01,0.01,0.01,0.01,0.01,0.01,1.0,1.0,1.0,1.0,1.0,1.0,1.0,0.01,0.01,0.01,0.01,0.01,0.0236067,0.01,0.22873221,0.14588317,0.033861093,0.010000001,0.050222106,0.020873128,0.36283484,-0.2837748605806132,-0.2549787231429196
1.0499999999999998,-857016000.0,-0.1450996547937393,-0.0894663482904434,-0.1349283754825592,-0.0042958501726388,0.0746120765659901,-2339994337280.0,0.01,0.01,0.01,0.01,0.01,0.01,0.01,1.0,1.0,1.0,1.0,1.0,1.0,1.0,0.01,0.01,0.01,0.01,0.01,0.07461207,0.01,0.22873221,0.12786798,0.031366933,0.010000001,0.045848895,0.044244803,0.36283484,-0.2829215090082724,0.3425936602902624
1.06,-857016000.0,-0.1288247108459472,-0.0524821281433105,-0.10121551156044,-0.0028119813650846,0.0322205641266428,-2339994337280.0,0.01,0.01,0.01,0.01,0.01,0.01,0.01,1.0,1.0,1.0,1.0,1.0,1.0,1.0,0.01,0.01,0.01,0.01,0.01,0.032220565,0.01,0.22873221,0.11277694,0.029148895,0.010000001,0.04199439,0.044846475,0.36283484,-0.277044483355279,0.7614086725793275
1.0699999999999998,-857016000.0,-0.1017177402973175,-0.0175386480987072,-0.0753031447529792,-0.0189168006181716,0.0108029670793681,-2339994337280.0,0.01,0.01,0.01,0.01,0.01,0.01,0.01,1.0,1.0,1.0,1.0,1.0,1.0,1.0,0.01,0.01,0.01,0.01,0.01,0.0108029675,0.01,0.22873221,0.09999712,0.027171807,0.010000001,0.03858542,0.042545233,0.36283484,-0.2682436880099659,0.9464136820136576
1.08,-857016000.0,-0.0718801841139793,0.0393365770578384,-0.0401692949235439,-0.0386304594576358,-0.0567561418345388,-2339994337280.0,0.01,0.01,0.01,0.01,0.01,0.01,0.01,1.0,1.0,1.0,1.0,1.0,1.0,1.0,0.01,0.01,0.039336577,0.01,0.01,0.01,0.01,0.22873221,0.089061946,0.0355469,0.010000001,0.035558272,0.0390741,0.36283484,-0.2585352802006154,0.9721407537898744
1.09,-857016000.0,-0.0628722384572029,0.016374759376049,-0.0138043537735939,-0.062897153198719,-0.1186763606235393,-2339994337280.0,0.01,0.01,0.01,0.01,0.01,0.01,0.01,1.0,1.0,1.0,1.0,1.0,1.0,1.0,0.01,0.01,0.01637476,0.01,0.01,0.01,0.01,0.22873221,0.07967034,0.034357425,0.010000001,0.032871205,0.035990983,0.36283484,-0.2491579464481272,0.9033672364524364
1.1,-857016000.0,-0.0492506190132592,0.0766400545835495,-0.0113101527094841,-0.0810768008232116,-0.1519098382834017,-2339994337280.0,0.01,0.01,0.01,0.01,0.01,0.01,0.01,1.0,1.0,1.0,1.0,1.0,1.0,1.0,0.01,0.01,0.076640055,0.01,0.01,0.01,0.01,0.22873221,0.071564764,0.0634093,0.010000001,0.030483818,0.033256993,0.36283484,-0.2406188801769035,0.8074768875309993
1.11,-857016000.0,0.0480775296711025,0.0003303042612969,-0.0168853849172592,-0.0922993570566177,-0.1997770524222019,-2339994337280.0,0.01,0.01,0.01,0.01,0.01,0.01,0.01,1.0,1.0,1.0,1.0,1.0,1.0,1.0,0.01,0.04807753,0.01,0.01,0.01,0.01,0.01,0.22873221,0.066093095,0.060256276,0.010000001,0.02835668,0.030825153,0.36283484,-0.2334355570292423,0.6385828686866708
1.12,-857016000.0,0.1344574880865131,0.0345699973404407,-0.0321240089833736,-0.0961478948593139,-0.2975814719856318,-2339994337280.0,0.01,0.01,0.01,0.01,0.01,0.01,0.01,1.0,1.0,1.0,1.0,1.0,1.0,1.0,0.01,0.13445748,0.034569997,0.01,0.01,0.01,0.01,0.22873221,0.09554941,0.056865085,0.010000001,0.026460385,0.028660506,0.36283484,-0.2282385503406531,0.4245839584915668
1.13,-857016000.0,0.1893620449302676,0.0611415989696979,-0.0377332493662834,-0.0924305766820907,-0.400257408618927,-2339994337280.0,0.01,0.01,0.01,0.01,0.01,0.01,0.01,1.0,1.0,1.0,1.0,1.0,1.0,1.0,0.01,0.18936205,0.0611416,0.01,0.01,0.01,0.01,0.22873221,0.13968594,0.059352074,0.010000001,0.02476831,0.026731597,0.36283484,-0.2254000788557923,0.1655848582065052
1.14,-857016000.0,0.2325713472763278,0.0489870980381965,-0.0455593541264534,-0.0824384167790412,-0.3882242441177368,-2339994337280.0,0.01,0.01,0.01,0.01,0.01,0.01,0.01,1.0,1.0,1.0,1.0,1.0,1.0,1.0,0.01,0.23257135,0.048987098,0.01,0.01,0.01,0.01,0.22873221,0.18747038,0.05856411,0.010000001,0.023257062,0.025010908,0.36283484,-0.2256082594019959,-0.1806429657983957
1.15,-857016000.0,0.2056204062517256,0.0382476486265659,-0.0578373000025749,-0.0660497993230819,-0.3709661364555359,-2339994337280.0,0.01,0.01,0.01,0.01,0.01,0.01,0.01,1.0,1.0,1.0,1.0,1.0,1.0,1.0,0.01,0.20562041,0.03824765,0.01,0.01,0.01,0.01,0.22873221,0.20510411,0.05644177,0.010000001,0.021904368,0.023472393,0.36283484,-0.2297870562604176,-0.5979806060696902
1.16,-857016000.0,0.171847113031709,0.0190825890749692,-0.0680262222886085,-0.0473355613648891,-0.3523279428482055,-2339994337280.0,0.01,0.01,0.01,0.01,0.01,0.01,0.01,1.0,1.0,1.0,1.0,1.0,1.0,1.0,0.01,0.17184712,0.01908259,0.01,0.01,0.01,0.01,0.22873221,0.20368226,0.052565448,0.010000001,0.020695856,0.02209921,0.36283484,-0.2377932792160486,-0.9358227333545712
1.17,-857016000.0,0.1296338527893588,-0.0055322344414889,-0.09848353266716,-0.0062882639467716,-0.3137986660003662,-2339994337280.0,0.01,0.01,0.01,0.01,0.01,0.01,0.01,1.0,1.0,1.0,1.0,1.0,1.0,1.0,0.01,0.12963386,0.01,0.01,0.01,0.01,0.01,0.22873221,0.1954262,0.04801407,0.01,0.0196141,0.020871118,0.36283484,-0.2481315289968707,-1.0890835178252654
1.1800000000000002,-857016000.0,0.1009132660640365,-0.0362274721264839,-0.1264663785696029,0.0510636717081069,-0.2437605976570884,-2339994337280.0,0.01,0.01,0.01,0.01,0.01,0.01,0.01,1.0,1.0,1.0,1.0,1.0,1.0,1.0,0.01,0.100913264,0.01,0.01,0.05106367,0.01,0.01,0.22873221,0.1829786,0.043904077,0.01,0.04135896,0.01977168,0.36283484,-0.2591205392966066,-1.0703609799917286
1.19,-857016000.0,0.0624088718725765,-0.0629354864358902,-0.1472927629947662,-0.0527276918292045,-0.115756247588796,-2339994337280.0,0.01,0.01,0.01,0.01,0.01,0.01,0.01,1.0,1.0,1.0,1.0,1.0,1.0,1.0,0.01,0.062408872,0.01,0.01,0.01,0.01,0.01,0.22873221,0.16837132,0.04027405,0.01,0.039379135,0.01878621,0.36283484,-0.2685355310600354,-0.800171011059364
1.2000000000000002,-857016000.0,-0.0311080953557518,-0.0761032924056053,-0.1472988426685333,-0.0155543480068445,-0.0221764248588287,-2339994337280.0,0.01,0.01,0.01,0.01,0.01,0.01,0.01,1.0,1.0,1.0,1.0,1.0,1.0,1.0,0.01,0.01,0.01,0.01,0.01,0.01,0.01,0.22873221,0.14803489,0.037054285,0.01,0.036261335,0.017900743,0.36283484,-0.2742933622687808,-0.3947717082521921
1.21,-857016000.0,-0.1396781900885195,-0.069876916706562,-0.1306022256612777,0.01409912109375,0.0699293040927203,-2339994337280.0,0.01,0.01,0.01,0.01,0.01,0.01,0.01,1.0,1.0,1.0,1.0,1.0,1.0,1.0,0.01,0.01,0.01,0.01,0.014099121,0.0699293,0.01,0.22873221,0.12963316,0.034201033,0.01,0.0338685,0.040906765,0.36283484,-0.2760435949964727,-0.0127570051097147
1.2200000000000002,-857016000.0,-0.1319379806518554,-0.0505151748657226,-0.1089907586574554,0.0110747665166854,0.0292049521009475,-2339994337280.0,0.01,0.01,0.01,0.01,0.01,0.01,0.01,1.0,1.0,1.0,1.0,1.0,1.0,1.0,0.01,0.01,0.01,0.01,0.0110747665,0.029204952,0.01,0.22873221,0.11423786,0.031668063,0.01,0.031512376,0.041563384,0.36283484,-0.2743469514954313,0.3084920400704242
1.23,-857016000.0,-0.1186227798461914,-0.0261062178760767,-0.0879628658294677,-0.0058961268514394,0.039188468916708,-2339994337280.0,0.01,0.01,0.01,0.01,0.01,0.01,0.01,1.0,1.0,1.0,1.0,1.0,1.0,1.0,0.01,0.01,0.01,0.01,0.01,0.03918847,0.01,0.22873221,0.10119968,0.02941189,0.01,0.029287461,0.047204684,0.36283484,-0.2698749804562853,0.5400699039976737
1.2400000000000002,-857016000.0,-0.1007961630821228,-0.0047731101512908,-0.0728174671530723,-0.0240787416696548,-0.0379947644048109,-2339994337280.0,0.01,0.01,0.01,0.01,0.01,0.01,0.01,1.0,1.0,1.0,1.0,1.0,1.0,1.0,0.01,0.01,0.01,0.01,0.01,0.01,0.01,0.22873221,0.0900889,0.027401997,0.01,0.027291073,0.04358001,0.36283484,-0.2636008119126099,0.6846619698337536
1.25,-857016000.0,-0.0875096768140792,0.0353288762271404,-0.0521000027656555,-0.039527989923954,-0.0930223863375375,-2339994337280.0,0.01,0.01,0.01,0.01,0.01,0.01,0.01,1.0,1.0,1.0,1.0,1.0,1.0,1.0,0.01,0.01,0.035328876,0.01,0.01,0.01,0.01,0.22873221,0.08054224,0.032637097,0.01,0.025508458,0.03997619,0.36283484,-0.2561965976488645,0.7742817362009725
1.2599999999999998,-857016000.0,-0.08403330296278,0.0173716321587562,-0.0316128768026828,-0.0582835786044597,-0.130177422364331,-2339994337280.0,0.01,0.01,0.01,0.01,0.01,0.01,0.01,1.0,1.0,1.0,1.0,1.0,1.0,1.0,0.01,0.01,0.017371632,0.01,0.01,0.01,0.01,0.22873221,0.0723012,0.031850714,0.01,0.0239164,0.03678616,0.36283484,-0.2482270145656696,0.8065943667495733
1.27,-857016000.0,0.0220898260582746,0.0616898834705352,-0.0210219286382198,-0.0773656740784645,-0.1671431148665316,-2339994337280.0,0.01,0.01,0.01,0.01,0.01,0.01,0.01,1.0,1.0,1.0,1.0,1.0,1.0,1.0,0.01,0.022089826,0.061689883,0.01,0.01,0.01,0.01,0.22873221,0.06565534,0.05222851,0.01,0.022496507,0.033963997,0.36283484,-0.2401346293602314,0.8033194001737375
1.2799999999999998,-857016000.0,0.1202753060783986,0.005021889694035,-0.0152073726058006,-0.0925311893224716,-0.2652052155956423,-2339994337280.0,0.01,0.01,0.01,0.01,0.01,0.01,0.01,1.0,1.0,1.0,1.0,1.0,1.0,1.0,0.01,0.1202753,0.01,0.01,0.01,0.01,0.01,0.22873221,0.087084666,0.049909268,0.01,0.021225987,0.031456392,0.36283484,-0.2325270190601443,0.7063602368879072
1.29,-857016000.0,0.1758130978253598,0.0395987033843994,-0.0292230322957038,-0.101814404129982,-0.389399108963773,-2339994337280.0,0.01,0.01,0.01,0.01,0.01,0.01,0.01,1.0,1.0,1.0,1.0,1.0,1.0,1.0,0.01,0.1758131,0.039598703,0.01,0.01,0.01,0.01,0.22873221,0.12836303,0.048407096,0.01,0.020088937,0.029226305,0.36283484,-0.226702412520725,0.4599964207014217
1.3000000000000005,-857016000.0,0.2419743543107135,0.0627682507038116,-0.0329530537128448,-0.1010529845952987,-0.3995225429534912,-2339994337280.0,0.01,0.01,0.01,0.01,0.01,0.01,0.01,1.0,1.0,1.0,1.0,1.0,1.0,1.0,0.01,0.24197435,0.06276825,0.01,0.01,0.01,0.01,0.22873221,0.18521588,0.057807423,0.01,0.019070378,0.027239785,0.36283484,-0.2241040122190511,0.0679555302515972
1.31,-857016000.0,0.2195653256219477,0.0300002396106719,-0.0451136752963066,-0.0881879776716232,-0.3870308399200439,-2339994337280.0,0.01,0.01,0.01,0.01,0.01,0.01,0.01,1.0,1.0,1.0,1.0,1.0,1.0,1.0,0.01,0.21956533,0.03000024,0.01,0.01,0.01,0.01,0.22873221,0.20902595,0.055519942,0.01,0.01815643,0.025466116,0.36283484,-0.2263763129829302,-0.4785091158273892
1.3199999999999998,-857016000.0,0.1893007048748904,0.021218990907073,-0.0632452219724655,-0.062715895473957,-0.3633248209953308,-2339994337280.0,0.01,0.01,0.01,0.01,0.01,0.01,0.01,1.0,1.0,1.0,1.0,1.0,1.0,1.0,0.01,0.1893007,0.02121899,0.01,0.01,0.01,0.01,0.22873221,0.21294163,0.051848225,0.01,0.017336445,0.023881903,0.36283484,-0.2341317415605874,-0.9873652423458044
1.33,-857016000.0,0.1416250653858379,-0.0026514488272368,-0.0938178151845932,-0.0311778672039508,-0.3342413306236267,-2339994337280.0,0.01,0.01,0.01,0.01,0.01,0.01,0.01,1.0,1.0,1.0,1.0,1.0,1.0,1.0,0.01,0.14162506,0.01,0.01,0.01,0.01,0.01,0.22873221,0.2051117,0.04739112,0.01,0.0166014,0.02246753,0.36283484,-0.2456946267842175,-1.2583332389466293
1.34,-857016000.0,0.104353005531556,-0.0392049923539161,-0.1245098412036895,0.0467875339090824,-0.2552429139614105,-2339994337280.0,0.01,0.01,0.01,0.01,0.01,0.01,0.01,1.0,1.0,1.0,1.0,1.0,1.0,1.0,0.01,0.104353,0.01,0.01,0.046787534,0.01,0.01,0.22873221,0.19187821,0.043354236,0.01,0.037579667,0.021201432,0.36283484,-0.258659303592098,-1.284137934058287
1.35,-857016000.0,0.0699881329985429,-0.0739469528198242,-0.1569393873214721,-0.0551514811813831,-0.1141117785949606,-2339994337280.0,0.01,0.01,0.01,0.01,0.01,0.01,0.01,1.0,1.0,1.0,1.0,1.0,1.0,1.0,0.01,0.06998813,0.01,0.01,0.01,0.01,0.01,0.22873221,0.1763802,0.03978613,0.01,0.03604527,0.02006715,0.36283484,-0.2702493816025528,-1.0165328908715363
1.36,-857016000.0,-0.0190306308037373,-0.0935228392481803,-0.1613151729106903,-0.0106267407536506,-0.020662931435058,-2339994337280.0,0.01,0.01,0.01,0.01,0.01,0.01,0.01,1.0,1.0,1.0,1.0,1.0,1.0,1.0,0.01,0.01,0.01,0.01,0.01,0.01,0.01,0.22873221,0.15538713,0.03662304,0.01,0.033304576,0.019049527,0.36283484,-0.2780352175707275,-0.5820056212739886
1.37,-857016000.0,-0.1259531735380233,-0.0899179503321647,-0.1445712596178054,0.0320840068161487,0.0671284294880556,-2339994337280.0,0.01,0.01,0.01,0.01,0.01,0.01,0.01,1.0,1.0,1.0,1.0,1.0,1.0,1.0,0.01,0.01,0.01,0.01,0.032084007,0.06712843,0.01,0.22873221,0.1357461,0.033818353,0.01,0.03284622,0.040090166,0.36283484,-0.2814632973181685,-0.1631541263378585
1.38,-857016000.0,-0.1377090513706207,-0.0700480639934539,-0.1213860884308815,0.0142888389527797,0.0394690664619618,-2339994337280.0,0.01,0.01,0.01,0.01,0.01,0.01,0.01,1.0,1.0,1.0,1.0,1.0,1.0,1.0,0.01,0.01,0.01,0.01,0.014288839,0.039469067,0.01,0.22873221,0.11937068,0.03132728,0.01,0.031091476,0.04139596,0.36283484,-0.2809546846508646,0.2159266898720765
1.39,-857016000.0,-0.1267397701740265,-0.0432492941617965,-0.0982038080692291,-0.0010842029005289,0.0595802528509671,-2339994337280.0,0.01,0.01,0.01,0.01,0.01,0.01,0.01,1.0,1.0,1.0,1.0,1.0,1.0,1.0,0.01,0.01,0.01,0.01,0.01,0.05958025,0.01,0.22873221,0.10557485,0.029111207,0.01,0.02894858,0.055935632,0.36283484,-0.277103073091744,0.5076018769284499
1.4,-857016000.0,-0.1087232679128646,-0.0193677060306072,-0.0800311863422393,-0.018729131668806,-0.0366096481739859,-2339994337280.0,0.01,0.01,0.01,0.01,0.01,0.01,0.01,1.0,1.0,1.0,1.0,1.0,1.0,1.0,0.01,0.01,0.01,0.01,0.01,0.01,0.01,0.22873221,0.09383591,0.027135095,0.01,0.026990082,0.05181927,0.36283484,-0.2708400373948631,0.7072140356557154
1.41,-857016000.0,-0.0901882052421569,0.0163196362555027,-0.0591192841529846,-0.0354099683463573,-0.0874619203731018,-2339994337280.0,0.01,0.01,0.01,0.01,0.01,0.01,0.01,1.0,1.0,1.0,1.0,1.0,1.0,1.0,0.01,0.01,0.016319636,0.01,0.01,0.01,0.01,0.22873221,0.08377637,0.025934938,0.01,0.025241539,0.047247373,0.36283484,-0.2630271496788453,0.8308319308306709
1.42,-857016000.0,-0.0812734737992286,0.0612507984042167,-0.0334115028381347,-0.0554179474711418,-0.1267560531095006,-2339994337280.0,0.01,0.01,0.01,0.01,0.01,0.01,0.01,1.0,1.0,1.0,1.0,1.0,1.0,1.0,0.01,0.01,0.0612508,0.01,0.01,0.01,0.01,0.22873221,0.07512333,0.050348397,0.01,0.02368163,0.043224063,0.36283484,-0.2542666961721135,0.8983895078876034
1.4300000000000002,-857016000.0,0.012695277191703,-0.0177548713982105,-0.0174070931971073,-0.0776518657803535,-0.1601356349131462,-2339994337280.0,0.01,0.01,0.01,0.01,0.01,0.01,0.01,1.0,1.0,1.0,1.0,1.0,1.0,1.0,0.01,0.012695277,0.01,0.01,0.01,0.01,0.01,0.22873221,0.067731924,0.04811383,0.01,0.022285322,0.039665192,0.36283484,-0.2454815987274048,0.8457174681901445
1.44,-857016000.0,0.112493940386866,0.0227348152548074,-0.0143650621175765,-0.094726413488388,-0.2508204806422897,-2339994337280.0,0.01,0.01,0.01,0.01,0.01,0.01,0.01,1.0,1.0,1.0,1.0,1.0,1.0,1.0,0.01,0.11249394,0.022734815,0.01,0.01,0.01,0.01,0.22873221,0.08445702,0.045178823,0.01,0.0210372,0.03651809,0.36283484,-0.2377178887508589,0.7128295564447206
1.4500000000000002,-857016000.0,0.1648205690143401,0.0698786079883575,-0.0194504596292972,-0.1027997955679893,-0.3699524394254198,-2339994337280.0,0.01,0.01,0.01,0.01,0.01,0.01,0.01,1.0,1.0,1.0,1.0,1.0,1.0,1.0,0.01,0.16482057,0.06987861,0.01,0.01,0.01,0.01,0.22873221,0.1207221,0.061407626,0.01,0.019920822,0.03373002,0.36283484,-0.2317154594470631,0.4818558027373111
1.46,-857016000.0,0.2436202765122687,0.0272026918828487,-0.0351701565086841,-0.1014247238636016,-0.3972120285034179,-2339994337280.0,0.01,0.01,0.01,0.01,0.01,0.01,0.01,1.0,1.0,1.0,1.0,1.0,1.0,1.0,0.01,0.24362028,0.027202692,0.01,0.01,0.01,0.01,0.22873221,0.18138216,0.058717895,0.01,0.018920174,0.031251937,0.36283484,-0.2289352661424477,0.0791781501549702
1.4700000000000002,-857016000.0,0.2225423655657804,0.039500281214714,-0.039026565849781,-0.0881126821041107,-0.3846726417541504,-2339994337280.0,0.01,0.01,0.01,0.01,0.01,0.01,0.01,1.0,1.0,1.0,1.0,1.0,1.0,1.0,0.01,0.22254236,0.03950028,0.01,0.01,0.01,0.01,0.22873221,0.20777468,0.056456868,0.01,0.018021844,0.029043783,0.36283484,-0.2310780668555385,-0.4626749021845283
1.48,-857016000.0,0.1942078422980941,0.0263609886169433,-0.0668383166193962,-0.0622018463909626,-0.3612076342105865,-2339994337280.0,0.01,0.01,0.01,0.01,0.01,0.01,0.01,1.0,1.0,1.0,1.0,1.0,1.0,1.0,0.01,0.19420785,0.026360989,0.01,0.01,0.01,0.01,0.22873221,0.2136501,0.053311996,0.01,0.01721578,0.02707573,0.36283484,-0.238600867222228,-0.9589649525337646
1.4900000000000002,-857016000.0,0.1462595270881759,0.0016404886264353,-0.0909793376922607,-0.0317506305873394,-0.3333162069320678,-2339994337280.0,0.01,0.01,0.01,0.01,0.01,0.01,0.01,1.0,1.0,1.0,1.0,1.0,1.0,1.0,0.01,0.14625953,0.01,0.01,0.01,0.01,0.01,0.22873221,0.20653738,0.04873917,0.01,0.016492894,0.025321463,0.36283484,-0.2498440963566674,-1.2227094872752935
1.5,-857016000.0,0.1068118348958647,-0.0351887680590152,-0.1286204010248184,0.0424377471208572,-0.2585718631744385,-2339994337280.0,0.01,0.01,0.01,0.01,0.01,0.01,0.01,1.0,1.0,1.0,1.0,1.0,1.0,1.0,0.01,0.10681184,0.01,0.01,0.042437747,0.01,0.01,0.22873221,0.19362608,0.0445438,0.01,0.0344381,0.023754366,0.36283484,-0.2624141931497789,-1.2434917417233455
1.5099999999999998,-857016000.0,0.076575555299037,-0.0696141794323921,-0.1574165672063827,-0.0473885089159011,-0.1252463176993806,-2339994337280.0,0.01,0.01,0.01,0.01,0.01,0.01,0.01,1.0,1.0,1.0,1.0,1.0,1.0,1.0,0.01,0.076575555,0.01,0.01,0.01,0.01,0.01,0.22873221,0.17836565,0.04083983,0.01,0.032987814,0.022353126,0.36283484,-0.2736952707992658,-0.9955166631990174
1.52,-857016000.0,-0.0064593425144922,-0.0896608978509903,-0.1609755158424377,-0.0050857979804277,-0.0299269374659607,-2339994337280.0,0.01,0.01,0.01,0.01,0.01,0.01,0.01,1.0,1.0,1.0,1.0,1.0,1.0,1.0,0.01,0.01,0.01,0.01,0.01,0.01,0.01,0.22873221,0.15809172,0.037554312,0.01,0.030585507,0.021096325,0.36283484,-0.2814698511753598,-0.6032786708492469
1.5299999999999998,-857016000.0,-0.1117434582575743,-0.0881940424442291,-0.145474761724472,0.037348810583353,0.0587105487889885,-2339994337280.0,0.01,0.01,0.01,0.01,0.01,0.01,0.01,1.0,1.0,1.0,1.0,1.0,1.0,1.0,0.01,0.01,0.01,0.01,0.03734881,0.05871055,0.01,0.22873221,0.13799809,0.034645878,0.01,0.03498295,0.036916524,0.36283484,-0.2853672682690523,-0.2227566527893549
1.54,-857016000.0,-0.1383573859930038,-0.0719180405139923,-0.1249720454216003,-0.0044738911092281,0.0607435124466295,-2339994337280.0,0.01,0.01,0.01,0.01,0.01,0.01,0.01,1.0,1.0,1.0,1.0,1.0,1.0,1.0,0.01,0.01,0.01,0.01,0.01,0.06074351,0.01,0.22873221,0.12125225,0.032062337,0.01,0.03298567,0.04713956,0.36283484,-0.2854431267977578,0.1616431285667858
1.5500000000000005,-857016000.0,-0.1288849860429763,-0.0474204234778881,-0.1026909872889518,-0.0054422784596681,0.0534932460084486,-2339994337280.0,0.01,0.01,0.01,0.01,0.01,0.01,0.01,1.0,1.0,1.0,1.0,1.0,1.0,1.0,0.01,0.01,0.01,0.01,0.01,0.053493246,0.01,0.22873221,0.10714176,0.029762715,0.01,0.030584306,0.0532155,0.36283484,-0.281897767605773,0.4912241907533027
1.56,-857016000.0,-0.1111679673194885,-0.0231701508164405,-0.0831531733274459,-0.0177633762359619,-0.008992499918736,-2339994337280.0,0.01,0.01,0.01,0.01,0.01,0.01,0.01,1.0,1.0,1.0,1.0,1.0,1.0,1.0,0.01,0.01,0.01,0.01,0.01,0.01,0.01,0.22873221,0.095163174,0.027714739,0.01,0.028446805,0.0497716,0.36283484,-0.2756300820440218,0.7147334873985388
1.5699999999999998,-857016000.0,-0.091201364994049,0.0117863044142723,-0.0622183196246624,-0.0332892388105392,-0.0690465806125284,-2339994337280.0,0.01,0.01,0.01,0.01,0.01,0.01,0.01,1.0,1.0,1.0,1.0,1.0,1.0,1.0,0.01,0.01,0.011786304,0.01,0.01,0.01,0.01,0.22873221,0.08491691,0.026049424,0.01,0.02654149,0.04544479,0.36283484,-0.2677293817316974,0.8382750702109385
1.58,-857016000.0,-0.0809686109423637,0.0647387951612472,-0.0351503826677799,-0.0531660951673984,-0.1157061201849301,-2339994337280.0,0.01,0.01,0.01,0.01,0.01,0.01,0.01,1.0,1.0,1.0,1.0,1.0,1.0,1.0,0.01,0.01,0.064738795,0.01,0.01,0.01,0.01,0.22873221,0.07610793,0.05286317,0.01,0.024842858,0.041632306,0.36283484,-0.2589484854014653,0.8945655919762002
1.59,-857016000.0,0.0029565991689906,-0.0236593820154666,-0.018860213458538,-0.0747466385364532,-0.1493606227427991,-2339994337280.0,0.01,0.01,0.01,0.01,0.01,0.01,0.01,1.0,1.0,1.0,1.0,1.0,1.0,1.0,0.01,0.01,0.01,0.01,0.01,0.01,0.01,0.22873221,0.06847161,0.05041103,0.01,0.023323635,0.038257107,0.36283484,-0.2503106397103665,0.8219527296509807
1.6,-857016000.0,0.1025543975785509,0.0179791431874036,-0.0167375728487968,-0.0907323658466339,-0.2365518787865228,-2339994337280.0,0.01,0.01,0.01,0.01,0.01,0.01,0.01,1.0,1.0,1.0,1.0,1.0,1.0,1.0,0.01,0.102554396,0.017979143,0.01,0.01,0.01,0.01,0.22873221,0.080298446,0.046767112,0.01,0.021966686,0.03527022,0.36283484,-0.2429036578467172,0.6668674104979578
1.61,-857016000.0,0.1581488339412894,0.0644380077719688,-0.0300894491374492,-0.0974204987287521,-0.353618189437981,-2339994337280.0,0.01,0.01,0.01,0.01,0.01,0.01,0.01,1.0,1.0,1.0,1.0,1.0,1.0,1.0,0.01,0.15814884,0.06443801,0.01,0.01,0.01,0.01,0.22873221,0.11543349,0.058190476,0.01,0.020752098,0.03261838,0.36283484,-0.2373609832751523,0.4479702961020672
1.62,-857016000.0,0.2389096632561406,0.0308889541774988,-0.0321732014417648,-0.0950699001550674,-0.3918778896331787,-2339994337280.0,0.01,0.01,0.01,0.01,0.01,0.01,0.01,1.0,1.0,1.0,1.0,1.0,1.0,1.0,0.01,0.23890966,0.030888954,0.01,0.01,0.01,0.01,0.22873221,0.17594396,0.056121983,0.01,0.01966509,0.0302624,0.36283484,-0.2346788417011639,0.0934134543764259
1.63,-857016000.0,0.2213580314228518,0.0404637977480888,-0.0530368983745574,-0.0830825418233871,-0.380296915769577,-2339994337280.0,0.01,0.01,0.01,0.01,0.01,0.01,0.01,1.0,1.0,1.0,1.0,1.0,1.0,1.0,0.01,0.22135803,0.040463798,0.01,0.01,0.01,0.01,0.22873221,0.20397265,0.054285504,0.01,0.01868963,0.028161699,0.36283484,-0.236412144662556,-0.3989476021942389
1.64,-857016000.0,0.1952139988387736,0.0257772505283355,-0.0634861439466476,-0.0599450506269931,-0.3590258061885834,-2339994337280.0,0.01,0.01,0.01,0.01,0.01,0.01,0.01,1.0,1.0,1.0,1.0,1.0,1.0,1.0,0.01,0.195214,0.02577725,0.01,0.01,0.01,0.01,0.22873221,0.21161082,0.051374543,0.01,0.017814677,0.026288327,0.36283484,-0.2431430192300264,-0.8719819573600205
1.65,-857016000.0,0.1486702650881117,0.0022243582643568,-0.0927918702363967,-0.0331510379910469,-0.3342933654785156,-2339994337280.0,0.01,0.01,0.01,0.01,0.01,0.01,0.01,1.0,1.0,1.0,1.0,1.0,1.0,1.0,0.01,0.14867027,0.01,0.01,0.01,0.01,0.01,0.22873221,0.20528492,0.047039572,0.01,0.01703023,0.024617495,0.36283484,-0.2536085575671031,-1.1518719232159895
1.66,-857016000.0,0.1088612455550165,-0.0314112119376659,-0.127023309469223,0.0325889661908149,-0.2688562572002411,-2339994337280.0,0.01,0.01,0.01,0.01,0.01,0.01,0.01,1.0,1.0,1.0,1.0,1.0,1.0,1.0,0.01,0.108861245,0.01,0.01,0.032588966,0.01,0.01,0.22873221,0.19303952,0.04304232,0.01,0.027816078,0.023124378,0.36283484,-0.2655936037946831,-1.1988186094127615
1.67,-857016000.0,0.0813505901295599,-0.0654761269688606,-0.1548449993133545,-0.029398076236248,-0.1385417705846189,-2339994337280.0,0.01,0.01,0.01,0.01,0.01,0.01,0.01,1.0,1.0,1.0,1.0,1.0,1.0,1.0,0.01,0.08135059,0.01,0.01,0.01,0.01,0.01,0.22873221,0.17832898,0.039510287,0.01,0.026744593,0.021788852,0.36283484,-0.2767066324336812,-1.0090785268211653
1.6800000000000002,-857016000.0,0.001335664310532,-0.0874479562044143,-0.1606301814317703,0.0258677564561367,-0.0382229841791942,-2339994337280.0,0.01,0.01,0.01,0.01,0.01,0.01,0.01,1.0,1.0,1.0,1.0,1.0,1.0,1.0,0.01,0.01,0.01,0.01,0.025867756,0.01,0.01,0.22873221,0.15871005,0.036375403,0.01,0.026437026,0.020590791,0.36283484,-0.2851215240928436,-0.7103660610787051
1.69,-857016000.0,-0.1052455703257637,-0.0912508070468902,-0.1500475108623504,0.0383056625723838,0.0561777977311643,-2339994337280.0,0.01,0.01,0.01,0.01,0.01,0.01,0.01,1.0,1.0,1.0,1.0,1.0,1.0,1.0,0.01,0.01,0.01,0.01,0.038305663,0.0561778,0.01,0.22873221,0.13840593,0.033590287,0.01,0.03398328,0.035322618,0.36283484,-0.2904481968652233,-0.4025132945293387
1.7000000000000002,-857016000.0,-0.1431003659963607,-0.0814037173986435,-0.1339690089225769,-0.0145116066560149,0.0643684611537399,-2339994337280.0,0.01,0.01,0.01,0.01,0.01,0.01,0.01,1.0,1.0,1.0,1.0,1.0,1.0,1.0,0.01,0.01,0.01,0.01,0.01,0.064368464,0.01,0.22873221,0.12160936,0.031125387,0.01,0.032322537,0.04769203,0.36283484,-0.2923871908033175,-0.0122436685628496
1.71,-857016000.0,-0.1384554654359817,-0.0622418746352195,-0.1148080080747604,-0.0067244078963994,0.0611024749407427,-2339994337280.0,0.01,0.01,0.01,0.01,0.01,0.01,0.01,1.0,1.0,1.0,1.0,1.0,1.0,1.0,0.01,0.01,0.01,0.01,0.01,0.061102476,0.01,0.22873221,0.10738202,0.028921887,0.01,0.029987179,0.05799056,0.36283484,-0.2900950151894927,0.3892912197125059
1.7200000000000002,-857016000.0,-0.1235540136694908,-0.0345695465803146,-0.090949073433876,-0.0134427929297089,-0.0054707044863956,-2339994337280.0,0.01,0.01,0.01,0.01,0.01,0.01,0.01,1.0,1.0,1.0,1.0,1.0,1.0,1.0,0.01,0.01,0.01,0.01,0.01,0.01,0.01,0.22873221,0.09537474,0.02696599,0.01,0.02791565,0.05453616,0.36283484,-0.2843168405065137,0.7084802213654948
1.73,-857016000.0,-0.1018425300717353,-0.0068721231073141,-0.0721775740385055,-0.0284127369523048,-0.0627086259985363,-2339994337280.0,0.01,0.01,0.01,0.01,0.01,0.01,0.01,1.0,1.0,1.0,1.0,1.0,1.0,1.0,0.01,0.01,0.01,0.01,0.01,0.01,0.01,0.22873221,0.08510407,0.025220858,0.01,0.026068423,0.04963886,0.36283484,-0.2760675485425459,0.8995274034948271
1.7400000000000002,-857016000.0,-0.0839108601212501,0.0542582422494888,-0.0402359552681446,-0.0493689738214015,-0.1111841115351327,-2339994337280.0,0.01,0.01,0.01,0.01,0.01,0.01,0.01,1.0,1.0,1.0,1.0,1.0,1.0,1.0,0.01,0.01,0.054258242,0.01,0.01,0.01,0.01,0.22873221,0.07627031,0.045195404,0.01,0.024420455,0.04533299,0.36283484,-0.266496757322936,0.985622670363024
1.75,-857016000.0,-0.0026013824720356,-0.0138859525322914,-0.0160048305988311,-0.0743459090590477,-0.1444277287587327,-2339994337280.0,0.01,0.01,0.01,0.01,0.01,0.01,0.01,1.0,1.0,1.0,1.0,1.0,1.0,1.0,0.01,0.01,0.01,0.01,0.01,0.01,0.01,0.22873221,0.068612814,0.04311334,0.01,0.022946095,0.041529376,0.36283484,-0.2568211995359838,0.934972649531178
1.7599999999999998,-857016000.0,0.0987377423904572,0.0321111418306827,-0.0114714428782463,-0.093926265835762,-0.2302246054195371,-2339994337280.0,0.01,0.01,0.01,0.01,0.01,0.01,0.01,1.0,1.0,1.0,1.0,1.0,1.0,1.0,0.01,0.09873774,0.03211114,0.01,0.01,0.01,0.01,0.22873221,0.07864061,0.041640434,0.01,0.021628868,0.038170073,0.36283484,-0.2481537554178736,0.8054800107976695
1.77,-857016000.0,0.1539418855437859,0.0780258774757385,-0.015739656984806,-0.1038152351975441,-0.3483401438481932,-2339994337280.0,0.01,0.01,0.01,0.01,0.01,0.01,0.01,1.0,1.0,1.0,1.0,1.0,1.0,1.0,0.01,0.15394188,0.07802588,0.01,0.01,0.01,0.01,0.22873221,0.11201636,0.06596565,0.01,0.02045123,0.035197377,0.36283484,-0.2411435936630208,0.5883987456273149
1.7799999999999998,-857016000.0,0.2426847599432079,0.014573723077774,-0.0300100706517696,-0.1040432751178741,-0.3978596329689026,-2339994337280.0,0.01,0.01,0.01,0.01,0.01,0.01,0.01,1.0,1.0,1.0,1.0,1.0,1.0,1.0,0.01,0.24268477,0.014573723,0.01,0.01,0.01,0.01,0.22873221,0.1756699,0.061757565,0.01,0.019396087,0.03255773,0.36283484,-0.2372707166132338,0.181930137835757
1.79,-857016000.0,0.2278027225529271,0.034154612571001,-0.0409959778189659,-0.0919397324323654,-0.3870173692703247,-2339994337280.0,0.01,0.01,0.01,0.01,0.01,0.01,0.01,1.0,1.0,1.0,1.0,1.0,1.0,1.0,0.01,0.22780272,0.034154613,0.01,0.01,0.01,0.01,0.22873221,0.20656252,0.058508996,0.01,0.018448874,0.030206844,0.36283484,-0.2385425864380762,-0.3931401522878472
1.8000000000000005,-857016000.0,0.201033758296508,0.0271350853145122,-0.0623866878449916,-0.0655504614114761,-0.3637546598911285,-2339994337280.0,0.01,0.01,0.01,0.01,0.01,0.01,0.01,1.0,1.0,1.0,1.0,1.0,1.0,1.0,0.01,0.20103376,0.027135085,0.01,0.01,0.01,0.01,0.22873221,0.2155865,0.055115156,0.01,0.017598731,0.028111916,0.36283484,-0.2456493962563855,-0.941218165485568
1.81,-857016000.0,0.1518403534976529,0.0026242369785904,-0.0888890922069549,-0.035313956439495,-0.336508959531784,-2339994337280.0,0.01,0.01,0.01,0.01,0.01,0.01,0.01,1.0,1.0,1.0,1.0,1.0,1.0,1.0,0.01,0.15184036,0.01,0.01,0.01,0.01,0.01,0.22873221,0.2091181,0.05033245,0.01,0.016836733,0.02624637,0.36283484,-0.2570003774616611,-1.2509147726409375
1.82,-857016000.0,0.1081551341405922,-0.0349289700388908,-0.1334567368030548,0.0383454263210296,-0.2657258212566376,-2339994337280.0,0.01,0.01,0.01,0.01,0.01,0.01,0.01,1.0,1.0,1.0,1.0,1.0,1.0,1.0,0.01,0.10815513,0.01,0.01,0.038345426,0.01,0.01,0.22873221,0.19621101,0.04594818,0.01,0.031740192,0.024580806,0.36283484,-0.2699285532440224,-1.283219917037465
1.83,-857016000.0,0.0814444041818792,-0.0718597471714019,-0.1630901098251342,-0.0350511521100997,-0.1342319546906504,-2339994337280.0,0.01,0.01,0.01,0.01,0.01,0.01,0.01,1.0,1.0,1.0,1.0,1.0,1.0,1.0,0.01,0.081444405,0.01,0.01,0.01,0.01,0.01,0.22873221,0.18073812,0.042080756,0.01,0.03041243,0.023092272,0.36283484,-0.2816517098957699,-1.044230657898937
1.84,-857016000.0,0.0051616985991309,-0.0942545235157013,-0.1669929027557373,0.0135288573801517,-0.0377865310248119,-2339994337280.0,0.01,0.01,0.01,0.01,0.01,0.01,0.01,1.0,1.0,1.0,1.0,1.0,1.0,1.0,0.01,0.01,0.01,0.01,0.013528857,0.01,0.01,0.22873221,0.16071819,0.03865328,0.01,0.028614353,0.021757932,0.36283484,-0.29003578669648,-0.6756731588812416
1.85,-857016000.0,-0.0982012877119629,-0.0952449589967727,-0.1523778736591339,0.0510627068579196,0.0507115185815842,-2339994337280.0,0.01,0.01,0.01,0.01,0.01,0.01,0.01,1.0,1.0,1.0,1.0,1.0,1.0,1.0,0.01,0.01,0.01,0.01,0.051062707,0.05071152,0.01,0.22873221,0.14019713,0.03562312,0.01,0.0437403,0.033307884,0.36283484,-0.2948086183577582,-0.3088013939021449
1.86,-857016000.0,-0.1426239758729934,-0.0815934985876083,-0.1332593113183975,-0.0209817793220281,0.0746760132960009,-2339994337280.0,0.01,0.01,0.01,0.01,0.01,0.01,0.01,1.0,1.0,1.0,1.0,1.0,1.0,1.0,0.01,0.01,0.01,0.01,0.01,0.074676014,0.01,0.22873221,0.12310492,0.032931916,0.01,0.041587595,0.051451113,0.36283484,-0.2955683804856408,0.1183481571821065
1.87,-857016000.0,-0.1346887052059173,-0.0575641468167305,-0.1103817075490951,-0.0157123059034347,0.051194856544673,-2339994337280.0,0.01,0.01,0.01,0.01,0.01,0.01,0.01,1.0,1.0,1.0,1.0,1.0,1.0,1.0,0.01,0.01,0.01,0.01,0.01,0.051194858,0.01,0.22873221,0.10870903,0.030536657,0.01,0.0382176,0.054521013,0.36283484,-0.2920067878283834,0.5305311033768809
1.88,-857016000.0,-0.1159695759415626,-0.0299715399742126,-0.0876335874199867,-0.0202579218894243,0.0068348255595078,-2339994337280.0,0.01,0.01,0.01,0.01,0.01,0.01,0.01,1.0,1.0,1.0,1.0,1.0,1.0,1.0,0.01,0.01,0.01,0.01,0.01,0.01,0.01,0.22873221,0.09652416,0.028407652,0.01,0.035236496,0.051521722,0.36283484,-0.2849932132221765,0.8174515767987787
1.89,-857016000.0,-0.0912755653262138,0.0084504075348377,-0.063368484377861,-0.0344390794634819,-0.0587314806974472,-2339994337280.0,0.01,0.01,0.01,0.01,0.01,0.01,0.01,1.0,1.0,1.0,1.0,1.0,1.0,1.0,0.01,0.01,0.01,0.01,0.01,0.01,0.01,0.22873221,0.08609478,0.026507968,0.01,0.03258752,0.04698958,0.36283484,-0.2759121950099148,0.9657432470361744
1.9,-857016000.0,-0.0757754296064376,0.0779730603098869,-0.0288341231644153,-0.056559681892395,-0.112591961040685,-2339994337280.0,0.01,0.01,0.01,0.01,0.01,0.01,0.01,1.0,1.0,1.0,1.0,1.0,1.0,1.0,0.01,0.01,0.07797306,0.01,0.01,0.01,0.01,0.22873221,0.07712286,0.062312327,0.01,0.030232316,0.042995565,0.36283484,-0.2658514755012053,1.0153669340001934
1.91,-857016000.0,-0.0061125364326624,-0.0353838205337524,-0.0113307908177375,-0.0780758187174797,-0.144996549059319,-2339994337280.0,0.01,0.01,0.01,0.01,0.01,0.01,0.01,1.0,1.0,1.0,1.0,1.0,1.0,1.0,0.01,0.01,0.01,0.01,0.01,0.01,0.01,0.22873221,0.06935834,0.05896964,0.01,0.028134543,0.039465804,0.36283484,-0.2562771805174204,0.8871467991061367
1.92,-857016000.0,0.0909196388766588,0.0167824067175388,-0.0125236883759498,-0.0927938073873519,-0.2257708423314531,-2339994337280.0,0.01,0.01,0.01,0.01,0.01,0.01,0.01,1.0,1.0,1.0,1.0,1.0,1.0,1.0,0.01,0.090919636,0.016782407,0.01,0.01,0.01,0.01,0.22873221,0.07539278,0.054175522,0.01,0.02626338,0.036339097,0.36283484,-0.2486600035469257,0.6558664045339729
1.93,-857016000.0,0.1485125236300642,0.0659041106700897,-0.0231507383286952,-0.0961566790938377,-0.3377599994874968,-2339994337280.0,0.01,0.01,0.01,0.01,0.01,0.01,0.01,1.0,1.0,1.0,1.0,1.0,1.0,1.0,0.01,0.14851253,0.06590411,0.01,0.01,0.01,0.01,0.22873221,0.10798528,0.061263174,0.01,0.024592672,0.033564527,0.36283484,-0.2435792088978882,0.3879829014775603
1.94,-857016000.0,0.2326424451564472,0.0424462035298347,-0.0413372814655303,-0.0896656960248947,-0.3901646435260772,-2339994337280.0,0.01,0.01,0.01,0.01,0.01,0.01,0.01,1.0,1.0,1.0,1.0,1.0,1.0,1.0,0.01,0.23264244,0.042446204,0.01,0.01,0.01,0.01,0.22873221,0.1680916,0.060143687,0.01,0.023101183,0.031101312,0.36283484,-0.2414628205593147,0.0583957705541788
1.95,-857016000.0,0.2194604319365063,0.0434062108397483,-0.0536277778446674,-0.0756214782595634,-0.376001626253128,-2339994337280.0,0.01,0.01,0.01,0.01,0.01,0.01,0.01,1.0,1.0,1.0,1.0,1.0,1.0,1.0,0.01,0.21946043,0.04340621,0.01,0.01,0.01,0.01,0.22873221,0.19844437,0.05825849,0.01,0.021766342,0.028907536,0.36283484,-0.2431970028273807,-0.367608089218328
1.96,-857016000.0,0.1954100018447631,0.0270659755915403,-0.0672327280044555,-0.0540255010128021,-0.3552568852901459,-2339994337280.0,0.01,0.01,0.01,0.01,0.01,0.01,0.01,1.0,1.0,1.0,1.0,1.0,1.0,1.0,0.01,0.19541,0.027065976,0.01,0.01,0.01,0.01,0.22873221,0.208076,0.055069353,0.01,0.020571768,0.026952881,0.36283484,-0.2493511782440244,-0.7948753198758284
1.97,-857016000.0,0.1502051788499737,0.0040976256132125,-0.0893181934952735,-0.0301038492470979,-0.3327905833721161,-2339994337280.0,0.01,0.01,0.01,0.01,0.01,0.01,0.01,1.0,1.0,1.0,1.0,1.0,1.0,1.0,0.01,0.15020518,0.01,0.01,0.01,0.01,0.01,0.22873221,0.20265074,0.05031209,0.01,0.019502614,0.025210334,0.36283484,-0.2588973443864607,-1.0497384145824546
1.98,-857016000.0,0.110117079200552,-0.0252949073910713,-0.1252861469984054,0.0267384871840477,-0.2767680585384369,-2339994337280.0,0.01,0.01,0.01,0.01,0.01,0.01,0.01,1.0,1.0,1.0,1.0,1.0,1.0,1.0,0.01,0.11011708,0.01,0.01,0.026738487,0.01,0.01,0.22873221,0.1912297,0.04592616,0.01,0.02449828,0.023653762,0.36283484,-0.2698239937227686,-1.0965274048447309
1.99,-857016000.0,0.0899760239231214,-0.0563878864049911,-0.1498019397258758,-0.0010565407574176,-0.1635449248998512,-2339994337280.0,0.01,0.01,0.01,0.01,0.01,0.01,0.01,1.0,1.0,1.0,1.0,1.0,1.0,1.0,0.01,0.08997603,0.01,0.01,0.01,0.01,0.01,0.22873221,0.17748842,0.042055406,0.01,0.02346185,0.022261223,0.36283484,-0.280152413503859,-0.9632046999780944
2.0,-857016000.0,0.0184215546267681,-0.0777803212404251,-0.1564359068870544,0.0563559718430042,-0.0592205003945291,-2339994337280.0,0.01,0.01,0.01,0.01,0.01,0.01,0.01,1.0,1.0,1.0,1.0,1.0,1.0,1.0,0.01,0.018421555,0.01,0.01,0.05635597,0.01,0.01,0.22873221,0.15909426,0.03863655,0.01,0.046156634,0.021016126,0.36283484,-0.2885833252759067,-0.7241414509419155
2.01,-857016000.0,-0.0872401544489499,-0.0855364054441452,-0.1503082513809204,-0.0405333265662193,0.0397514563416683,-2339994337280.0,0.01,0.01,0.01,0.01,0.01,0.01,0.01,1.0,1.0,1.0,1.0,1.0,1.0,1.0,0.01,0.01,0.01,0.01,0.01,0.039751455,0.01,0.22873221,0.13894278,0.03560454,0.01,0.04400141,0.02808046,0.36283484,-0.2937589460792363,-0.3365753477901498
2.02,-857016000.0,-0.1438202857971191,-0.077460303902626,-0.1338952183723449,-0.0149403037503361,0.0789342384890314,-2339994337280.0,0.01,0.01,0.01,0.01,0.01,0.01,0.01,1.0,1.0,1.0,1.0,1.0,1.0,1.0,0.01,0.01,0.01,0.01,0.01,0.07893424,0.01,0.22873221,0.12205194,0.032915078,0.01,0.040356494,0.05061765,0.36283484,-0.2945711307985631,0.1263929697978333
2.03,-857016000.0,-0.1359632611274719,-0.0551561750471591,-0.1104340627789497,-0.0070162918418645,0.0437925348941949,-2339994337280.0,0.01,0.01,0.01,0.01,0.01,0.01,0.01,1.0,1.0,1.0,1.0,1.0,1.0,1.0,0.01,0.01,0.01,0.01,0.01,0.043792535,0.01,0.22873221,0.107844405,0.030524693,0.01,0.03713169,0.05276786,0.36283484,-0.2908886758403839,0.5516990846084892
2.04,-857016000.0,-0.1169707328081131,-0.028381934389472,-0.0871192440390586,-0.0148593643680214,0.0088776969489723,-2339994337280.0,0.01,0.01,0.01,0.01,0.01,0.01,0.01,1.0,1.0,1.0,1.0,1.0,1.0,1.0,0.01,0.01,0.01,0.01,0.01,0.01,0.01,0.22873221,0.09579139,0.02839753,0.01,0.03427363,0.049904913,0.36283484,-0.283679759576885,0.8344289828755611
2.0500000000000003,-857016000.0,-0.0913833081722259,0.0121298693120479,-0.061882983893156,-0.0300169978290796,-0.0566234644780487,-2339994337280.0,0.01,0.01,0.01,0.01,0.01,0.01,0.01,1.0,1.0,1.0,1.0,1.0,1.0,1.0,0.01,0.01,0.012129869,0.01,0.01,0.01,0.01,0.22873221,0.085468024,0.026697123,0.01,0.031732127,0.045566447,0.36283484,-0.2745046022686399,0.9688615463036266
2.06,-857016000.0,-0.0757851675152778,0.0781845301389694,-0.0273034833371639,-0.0536214634776115,-0.1127017363902644,-2339994337280.0,0.01,0.01,0.01,0.01,0.01,0.01,0.01,1.0,1.0,1.0,1.0,1.0,1.0,1.0,0.01,0.01,0.07818453,0.01,0.01,0.01,0.01,0.22873221,0.07658158,0.06251625,0.01,0.029470857,0.04173897,0.36283484,-0.2645006029068587,1.0028990723855986
2.0700000000000003,-857016000.0,-0.0188008940527807,-0.0344888716936111,-0.0113364085555076,-0.0763668268918991,-0.1422172659617305,-2339994337280.0,0.01,0.01,0.01,0.01,0.01,0.01,0.01,1.0,1.0,1.0,1.0,1.0,1.0,1.0,0.01,0.01,0.01,0.01,0.01,0.01,0.01,0.22873221,0.06888827,0.059162848,0.01,0.027455762,0.038353696,0.36283484,-0.2551207414353693,0.8632605762978376
2.08,-857016000.0,0.0770708636156904,0.0168625693768262,-0.0136345773935318,-0.0914549678564071,-0.2158936123957674,-2339994337280.0,0.01,0.01,0.01,0.01,0.01,0.01,0.01,1.0,1.0,1.0,1.0,1.0,1.0,1.0,0.01,0.07707086,0.01686257,0.01,0.01,0.01,0.01,0.22873221,0.06933917,0.054347612,0.01,0.025656927,0.035351757,0.36283484,-0.2477774229757558,0.6298308261611937
2.09,-857016000.0,0.1451335879922553,0.063677117228508,-0.0245677568018436,-0.094699740409851,-0.3241464536506521,-2339994337280.0,0.01,0.01,0.01,0.01,0.01,0.01,0.01,1.0,1.0,1.0,1.0,1.0,1.0,1.0,0.01,0.14513358,0.06367712,0.01,0.01,0.01,0.01,0.22873221,0.10360446,0.060143262,0.01,0.024051998,0.03268943,0.36283484,-0.2428410831758662,0.3829809698348733
2.1,-857016000.0,0.2167295774961131,0.0450673028826713,-0.0421183854341506,-0.0886652842164039,-0.3902472257614136,-2339994337280.0,0.01,0.01,0.01,0.01,0.01,0.01,0.01,1.0,1.0,1.0,1.0,1.0,1.0,1.0,0.01,0.21672958,0.045067303,0.01,0.01,0.01,0.01,0.22873221,0.1577092,0.05944474,0.01,0.022616632,0.030320905,0.36283484,-0.2405915786624813,0.0892594291315706
2.11,-857016000.0,0.2205142823897077,0.0445643737912178,-0.0499941147863864,-0.0759057328104972,-0.3767897486686706,-2339994337280.0,0.01,0.01,0.01,0.01,0.01,0.01,0.01,1.0,1.0,1.0,1.0,1.0,1.0,1.0,0.01,0.22051428,0.044564374,0.01,0.01,0.01,0.01,0.22873221,0.19285859,0.05778889,0.01,0.021332627,0.028212162,0.36283484,-0.2418206732965315,-0.3003480844857703
2.12,-857016000.0,0.1956771974226972,0.0293946024030447,-0.0675809904932975,-0.0563245713710784,-0.3575841188430786,-2339994337280.0,0.01,0.01,0.01,0.01,0.01,0.01,0.01,1.0,1.0,1.0,1.0,1.0,1.0,1.0,0.01,0.19567719,0.029394602,0.01,0.01,0.01,0.01,0.22873221,0.20493734,0.054953724,0.01,0.020181626,0.026329737,0.36283484,-0.2472578556434133,-0.7172957411338152
2.13,-857016000.0,0.1538153301890105,0.007297440432012,-0.0843241214752197,-0.0347488597035408,-0.3372106850147247,-2339994337280.0,0.01,0.01,0.01,0.01,0.01,0.01,0.01,1.0,1.0,1.0,1.0,1.0,1.0,1.0,0.01,0.15381533,0.01,0.01,0.01,0.01,0.01,0.22873221,0.20050023,0.050233535,0.01,0.019153157,0.024654206,0.36283484,-0.2561516365504011,-0.998593751145306
2.14,-857016000.0,0.1136596574630908,-0.0191261600703001,-0.11894191801548,0.0150589123368263,-0.2884809076786041,-2339994337280.0,0.01,0.01,0.01,0.01,0.01,0.01,0.01,1.0,1.0,1.0,1.0,1.0,1.0,1.0,0.01,0.11365966,0.01,0.01,0.015058912,0.01,0.01,0.22873221,0.19006073,0.045854833,0.01,0.018686341,0.023156006,0.36283484,-0.2667799783443539,-1.0917898546909657
2.15,-857016000.0,0.0928938419921927,-0.0503717139363288,-0.1454060226678848,0.0530808791518211,-0.1858601846699154,-2339994337280.0,0.01,0.01,0.01,0.01,0.01,0.01,0.01,1.0,1.0,1.0,1.0,1.0,1.0,1.0,0.01,0.09289384,0.01,0.01,0.05308088,0.01,0.01,0.22873221,0.17687762,0.04199848,0.01,0.042537306,0.02181783,0.36283484,-0.2774969416455111,-1.019879210007241
2.16,-857016000.0,0.0295874011091281,-0.0750927180051803,-0.1567851901054382,-0.0547985658049583,-0.0726400642382302,-2339994337280.0,0.01,0.01,0.01,0.01,0.01,0.01,0.01,1.0,1.0,1.0,1.0,1.0,1.0,1.0,0.01,0.029587401,0.01,0.01,0.01,0.01,0.01,0.22873221,0.15973717,0.038587425,0.01,0.04057442,0.020619525,0.36283484,-0.2861792167146837,-0.7117109215652198
2.17,-857016000.0,-0.0723200353737225,-0.084442138671875,-0.1508003622293472,-0.0160354897379875,0.0214557681824509,-2339994337280.0,0.01,0.01,0.01,0.01,0.01,0.01,0.01,1.0,1.0,1.0,1.0,1.0,1.0,1.0,0.01,0.01,0.01,0.01,0.01,0.021455768,0.01,0.22873221,0.139576,0.03555838,0.01,0.037319142,0.020454,0.36283484,-0.2909036260443782,-0.2837672662736978
2.18,-857016000.0,-0.1431908905506134,-0.0741255208849906,-0.1309836059808731,0.0067251082509756,0.1001579629740493,-2339994337280.0,0.01,0.01,0.01,0.01,0.01,0.01,0.01,1.0,1.0,1.0,1.0,1.0,1.0,1.0,0.01,0.01,0.01,0.01,0.01,0.10015796,0.01,0.22873221,0.122561194,0.032871816,0.01,0.034435067,0.059652697,0.36283484,-0.2913934827776771,0.1257498070898021
2.19,-857016000.0,-0.1342715173959732,-0.0513027906417846,-0.1075294017791748,0.007098788395524,-0.0015885256632713,-2339994337280.0,0.01,0.01,0.01,0.01,0.01,0.01,0.01,1.0,1.0,1.0,1.0,1.0,1.0,1.0,0.01,0.01,0.01,0.01,0.01,0.01,0.01,0.22873221,0.10826953,0.030485518,0.01,0.03187581,0.057136413,0.36283484,-0.288079467398759,0.4887587435451703
2.2,-857016000.0,-0.1165995895862579,-0.0269911959767341,-0.0865413621068,-0.0089931469410657,0.0048760264021765,-2339994337280.0,0.01,0.01,0.01,0.01,0.01,0.01,0.01,1.0,1.0,1.0,1.0,1.0,1.0,1.0,0.01,0.01,0.01,0.01,0.01,0.01,0.01,0.22873221,0.09614344,0.028361285,0.01,0.029599559,0.052968606,0.36283484,-0.2816651429180552,0.7445949860990556
2.21,-857016000.0,-0.0942186564207077,0.008205659687519,-0.0651188492774963,-0.0274819172918796,-0.0490146482522722,-2339994337280.0,0.01,0.01,0.01,0.01,0.01,0.01,0.01,1.0,1.0,1.0,1.0,1.0,1.0,1.0,0.01,0.01,0.01,0.01,0.01,0.01,0.01,0.22873221,0.085764825,0.026466148,0.01,0.027570326,0.04826135,0.36283484,-0.2733803972795,0.8818474477633631
2.22,-857016000.0,-0.0803602263331413,0.0686409026384353,-0.0350673235952854,-0.0478026159107685,-0.1041995892327639,-2339994337280.0,0.01,0.01,0.01,0.01,0.01,0.01,0.01,1.0,1.0,1.0,1.0,1.0,1.0,1.0,0.01,0.01,0.0686409,0.01,0.01,0.01,0.01,0.22873221,0.07683841,0.055772234,0.01,0.025761113,0.04411766,0.36283484,-0.2641639911507155,0.9353812108308922
2.23,-857016000.0,-0.0437226972543064,-0.0272598583251237,-0.0172182470560073,-0.0713491141796112,-0.1359171592576529,-2339994337280.0,0.01,0.01,0.01,0.01,0.01,0.01,0.01,1.0,1.0,1.0,1.0,1.0,1.0,1.0,0.01,0.01,0.01,0.01,0.01,0.01,0.01,0.22873221,0.06910573,0.05300531,0.01,0.0241442,0.040455576,0.36283484,-0.2552191179481795,0.843062016319604
2.24,-857016000.0,0.0560302446753538,0.0172538515180349,-0.0162477828562259,-0.0884238630533218,-0.1959026335348659,-2339994337280.0,0.01,0.01,0.01,0.01,0.01,0.01,0.01,1.0,1.0,1.0,1.0,1.0,1.0,1.0,0.01,0.056030244,0.017253852,0.01,0.01,0.01,0.01,0.22873221,0.06420922,0.048957795,0.01,0.02269827,0.03721327,0.36283484,-0.2477564869720489,0.668870454267413
2.25,-857016000.0,0.1426325481814198,0.0657953917980194,-0.0236329510807991,-0.0949530974030494,-0.2999537325957633,-2339994337280.0,0.01,0.01,0.01,0.01,0.01,0.01,0.01,1.0,1.0,1.0,1.0,1.0,1.0,1.0,0.01,0.14263254,0.06579539,0.01,0.01,0.01,0.01,0.22873221,0.10051965,0.060024656,0.01,0.021407796,0.03434577,0.36283484,-0.2420405726602858,0.4835990584470602
2.26,-857016000.0,0.1941011694440293,0.0340310931205749,-0.041116077452898,-0.0932436883449554,-0.3909153044223785,-2339994337280.0,0.01,0.01,0.01,0.01,0.01,0.01,0.01,1.0,1.0,1.0,1.0,1.0,1.0,1.0,0.01,0.19410117,0.034031093,0.01,0.01,0.01,0.01,0.22873221,0.14358748,0.0580275,0.01,0.020252423,0.03179871,0.36283484,-0.2386446569432116,0.1999063418772667
2.27,-857016000.0,0.231294016563866,0.0463433116674423,-0.043849878013134,-0.0840068161487579,-0.3811321556568146,-2339994337280.0,0.01,0.01,0.01,0.01,0.01,0.01,0.01,1.0,1.0,1.0,1.0,1.0,1.0,1.0,0.01,0.23129402,0.04634331,0.01,0.01,0.01,0.01,0.22873221,0.1900683,0.056569397,0.01,0.019215757,0.029529229,0.36283484,-0.2387718049047596,-0.195444836015882
2.28,-857016000.0,0.1997689514596363,0.0346554927527904,-0.0598073974251747,-0.0657740905880928,-0.3639786541461944,-2339994337280.0,0.01,0.01,0.01,0.01,0.01,0.01,0.01,1.0,1.0,1.0,1.0,1.0,1.0,1.0,0.01,0.19976895,0.034655493,0.01,0.01,0.01,0.01,0.22873221,0.20451927,0.05428718,0.01,0.018285671,0.02750583,0.36283484,-0.2432876789165127,-0.6461596733466763
2.29,-857016000.0,0.1641163052597021,0.0125876236706972,-0.0805538818240165,-0.0444819889962673,-0.3446133136749267,-2339994337280.0,0.01,0.01,0.01,0.01,0.01,0.01,0.01,1.0,1.0,1.0,1.0,1.0,1.0,1.0,0.01,0.16411631,0.012587624,0.01,0.01,0.01,0.01,0.22873221,0.20160453,0.049967665,0.01,0.01745278,0.025704259,0.36283484,-0.2518246372629052,-0.9916122501721978
2.3000000000000003,-857016000.0,0.1213477026808844,-0.0128883393481373,-0.1112907379865646,-0.0012967325747013,-0.3023560047149658,-2339994337280.0,0.01,0.01,0.01,0.01,0.01,0.01,0.01,1.0,1.0,1.0,1.0,1.0,1.0,1.0,0.01,0.1213477,0.01,0.01,0.01,0.01,0.01,0.22873221,0.19229752,0.045651205,0.01,0.0167053,0.024095578,0.36283484,-0.2626410875390754,-1.1279834438599126
2.31,-857016000.0,0.0944193198552081,-0.0461909919977188,-0.1423665285110473,0.0566414669156074,-0.2138521689568346,-2339994337280.0,0.01,0.01,0.01,0.01,0.01,0.01,0.01,1.0,1.0,1.0,1.0,1.0,1.0,1.0,0.01,0.09441932,0.01,0.01,0.056641467,0.01,0.01,0.22873221,0.1792137,0.04181857,0.01,0.04456454,0.02265839,0.36283484,-0.2738586265541009,-1.0775768176667275
2.3200000000000003,-857016000.0,0.0464370230526742,-0.0739484727382659,-0.1575662344694137,-0.071452185511589,-0.0913208657682539,-2339994337280.0,0.01,0.01,0.01,0.01,0.01,0.01,0.01,1.0,1.0,1.0,1.0,1.0,1.0,1.0,0.01,0.04643702,0.01,0.01,0.01,0.01,0.01,0.22873221,0.16336589,0.038428765,0.01,0.04249759,0.021372307,0.36283484,-0.283100521668842,-0.7612575006520507
2.33,-857016000.0,-0.0496670565689435,-0.0856865793466568,-0.1528784185647964,-0.0222518295049667,-0.0002307256199785,-2339994337280.0,0.01,0.01,0.01,0.01,0.01,0.01,0.01,1.0,1.0,1.0,1.0,1.0,1.0,1.0,0.01,0.01,0.01,0.01,0.01,0.01,0.01,0.22873221,0.14280356,0.03541973,0.01,0.039023805,0.020218875,0.36283484,-0.2882162527246665,-0.3082652901331703
2.34,-857016000.0,-0.1443720459938049,-0.0760095417499542,-0.1326171308755874,0.0006676986813545,0.0901498786368854,-2339994337280.0,0.01,0.01,0.01,0.01,0.01,0.01,0.01,1.0,1.0,1.0,1.0,1.0,1.0,1.0,0.01,0.01,0.01,0.01,0.01,0.09014988,0.01,0.22873221,0.12526755,0.032749444,0.01,0.035947926,0.053106908,0.36283484,-0.288817476241492,0.1252876524393515
2.35,-857016000.0,-0.1339643448591232,-0.0522949993610382,-0.1078485772013664,0.0039593242108821,0.0148720563002829,-2339994337280.0,0.01,0.01,0.01,0.01,0.01,0.01,0.01,1.0,1.0,1.0,1.0,1.0,1.0,1.0,0.01,0.01,0.01,0.01,0.01,0.014872056,0.01,0.22873221,0.11056493,0.030377734,0.01,0.03322138,0.05155997,0.36283484,-0.2854841209331317,0.4915173730213774
2.36,-857016000.0,-0.1158921420574188,-0.0267182514071464,-0.0858989879488945,-0.0102969463914632,0.0253059179465131,-2339994337280.0,0.01,0.01,0.01,0.01,0.01,0.01,0.01,1.0,1.0,1.0,1.0,1.0,1.0,1.0,0.01,0.01,0.01,0.01,0.01,0.025305917,0.01,0.22873221,0.09810643,0.028266251,0.01,0.03079822,0.04957484,0.36283484,-0.2791267550812982,0.7321839429558993
2.37,-857016000.0,-0.0931839048862457,0.0073218345642089,-0.064902439713478,-0.0279819443821907,-0.0344547614763246,-2339994337280.0,0.01,0.01,0.01,0.01,0.01,0.01,0.01,1.0,1.0,1.0,1.0,1.0,1.0,1.0,0.01,0.01,0.01,0.01,0.01,0.01,0.01,0.22873221,0.08744506,0.026380977,0.01,0.02863797,0.04543829,0.36283484,-0.271065419568668,0.851499985743552
2.38,-857016000.0,-0.0794267654418945,0.0654862746596336,-0.036223042756319,-0.0471740663051605,-0.0950385968160278,-2339994337280.0,0.01,0.01,0.01,0.01,0.01,0.01,0.01,1.0,1.0,1.0,1.0,1.0,1.0,1.0,0.01,0.01,0.065486275,0.01,0.01,0.01,0.01,0.22873221,0.07828925,0.053495064,0.01,0.026713876,0.04162643,0.36283484,-0.2622239632267073,0.8943691127282759
2.39,-857016000.0,-0.072966713831465,-0.0243701674044132,-0.0195872522890567,-0.0692138448357582,-0.1331492163646486,-2339994337280.0,0.01,0.01,0.01,0.01,0.01,0.01,0.01,1.0,1.0,1.0,1.0,1.0,1.0,1.0,0.01,0.01,0.01,0.01,0.01,0.01,0.01,0.22873221,0.07036327,0.050982244,0.01,0.024995025,0.03825192,0.36283484,-0.2536646455367262,0.8086515404591446
2.4,-857016000.0,0.0290218069204254,0.0169426761567592,-0.0182815678417682,-0.0852694511413574,-0.1740961983486368,-2339994337280.0,0.01,0.01,0.01,0.01,0.01,0.01,0.01,1.0,1.0,1.0,1.0,1.0,1.0,1.0,0.01,0.029021807,0.016942676,0.01,0.01,0.01,0.01,0.22873221,0.06415975,0.04716469,0.01,0.023458121,0.035258923,0.36283484,-0.2464576713609477,0.6525967203928434
2.41,-857016000.0,0.1184510985548897,0.0633591413497924,-0.0248841121792793,-0.0919075906276702,-0.2693491261421243,-2339994337280.0,0.01,0.01,0.01,0.01,0.01,0.01,0.01,1.0,1.0,1.0,1.0,1.0,1.0,1.0,0.01,0.118451096,0.06335914,0.01,0.01,0.01,0.01,0.22873221,0.08570944,0.057487387,0.01,0.022086235,0.03260689,0.36283484,-0.2407228526645783,0.5125281068752205
