ECR_act,FCR_act,wrist_hand_r3_pos
48.326007,6.027714,2.143705
45.698165,16.116074,0.957969
32.434670,32.783735,-0.582739
16.180868,45.568797,-1.860127
7.057174,43.455112,-2.349488
11.254633,28.127599,-1.845424
28.887201,12.026295,-0.558666
49.898575,4.334466,0.951079
56.408447,7.424133,1.995569
42.771651,20.084833,2.073829
23.217538,36.217846,1.145776
12.201547,42.999720,-0.313601
13.604840,32.837960,-1.553121
22.937904,15.249994,-1.948443
30.794695,3.707302,-1.324174
29.965301,3.709561,-0.024982
21.672256,13.663999,1.267387
12.208332,27.392976,1.866858
6.696702,35.134849,1.430998
7.165329,31.180192,0.170054
14.049834,19.830106,-1.227317
25.451851,8.871021,-1.967352
34.625186,2.588927,-1.622201
34.398395,2.453092,-0.387645
25.611237,9.405883,1.045037
15.003437,22.633731,1.900226
7.368167,35.831729,1.743242
4.192241,38.230398,0.695885
5.934741,26.806338,-0.637297
12.859698,11.960992,-1.493464
23.421163,3.303888,-1.391337
32.715298,3.643564,-0.450299
35.615085,11.995127,0.653861
30.794442,24.632977,1.133864
20.873750,34.075507,0.651673
10.612997,32.825007,-0.431258
4.611143,22.779465,-1.318141
7.172825,11.842978,-1.347831
20.332603,4.940060,-0.438910
39.797281,3.351583,0.884956
53.333026,6.701818,1.846353
49.531588,14.054519,1.878296
30.920152,22.735321,0.940265
11.618826,27.272137,-0.456163
1.668087,23.853895,-1.529147
4.339930,15.756543,-1.693391
19.164812,8.895618,-0.942648
40.738435,5.793238,0.138947
57.238951,6.150488,0.793660
58.206073,10.434211,0.644244
44.456875,19.470148,-0.049596
24.756941,29.714646,-0.634289
8.713935,32.751765,-0.591334
1.777505,24.788243,0.079974
4.837210,12.754058,0.899149
16.853509,4.369116,1.278773
33.427981,2.629151,0.929074
44.452158,8.905879,0.030812
40.326114,23.546042,-0.889575
24.764656,40.584802,-1.283138
11.296628,46.412243,-0.922035
9.394223,34.747534,-0.066737
19.978981,17.044684,0.680418
34.730171,6.162647,0.789613
40.629224,5.899161,0.211564
32.789326,14.259488,-0.556343
18.682012,26.432081,-0.844626
8.455556,33.672559,-0.349887
7.122302,29.134716,0.607600
14.283872,16.901754,1.324069
24.790967,6.360317,1.244083
30.402495,3.239860,0.352745
26.963384,9.057910,-0.843831
18.663713,22.259795,-1.671546
11.739749,35.799420,-1.686470
8.511582,38.289450,-0.883622
8.432296,27.068222,0.340852
11.376097,12.451119,1.406258
17.129939,3.817399,1.831444
23.266183,3.551102,1.460800
25.863486,10.749413,0.521263
23.043677,24.334941,-0.519097
16.696522,38.915419,-1.203465
11.935956,43.636504,-1.304676
13.208592,33.810567,-0.905870
19.873675,18.170669,-0.322111
26.860425,7.298319,0.095018
30.328407,4.957197,0.179432
28.700476,10.550985,0.066732
22.452577,21.518920,0.091985
14.440439,32.191201,0.493912
8.577755,34.670706,1.137660
9.154324,26.055575,1.522263
18.983595,13.152754,1.142202
35.033740,5.083588,-0.051824
45.960172,7.210776,-1.496077
41.373633,20.860151,-2.346735
26.032432,40.751589,-2.067832
12.536173,51.767591,-0.808717
7.920939,41.009267,0.712386
13.727152,18.595628,1.693896
27.013156,5.248735,1.729393
38.633355,12.341987,0.982467
38.700454,36.711501,0.015550
27.598654,61.223544,-0.577202
15.216018,64.294129,-0.524401
10.921245,43.940299,-0.031181
18.086058,19.049945,0.374244
31.512629,4.102061,0.236654
40.623624,0.502423,-0.449620
39.439143,3.499532,-1.189640
30.684947,9.066484,-1.346549
20.686738,15.303296,-0.649736
13.463926,21.037019,0.560814
9.690592,24.511484,1.558803
8.911141,22.772652,1.738747
10.508886,16.111864,1.008844
14.767013,9.348140,-0.190164
23.850949,5.655463,-1.189421
40.537507,4.641921,-1.477260
62.862049,5.108937,-0.949499
76.324157,7.747750,0.064856
66.174046,15.281026,0.989625
39.994349,28.180053,1.311944
16.346051,39.460714,0.861859
6.013238,39.127482,-0.101825
9.441730,27.002631,-1.052217
21.717393,13.062274,-1.491094
35.570402,5.207027,-1.197411
44.071174,4.745794,-0.310488
43.085239,10.069431,0.754127
32.890266,19.263858,1.497794
18.990425,28.764840,1.569856
8.249218,32.444210,0.945294
4.259327,28.202471,-0.052729
6.947664,19.892092,-0.922246
14.509568,11.804557,-1.255377
24.679354,6.575320,-0.951708
35.722811,4.420789,-0.255244
44.772019,5.374054,0.390134
46.650182,10.706938,0.588608
38.726103,20.885109,0.230332
24.120911,31.612916,-0.409191
10.691220,34.577268,-0.808035
6.296685,26.865210,-0.546159
15.326837,14.570878,0.351021
35.826220,5.017714,1.355256
55.329579,2.854265,1.764715
56.616516,10.697252,1.201844
38.974704,27.775383,-0.100947
18.231622,45.756183,-1.443181
6.811485,50.104168,-2.099983
8.092942,36.733864,-1.741423
19.930011,18.529178,-0.581932
34.613123,7.818094,0.768966
40.486867,7.438372,1.634334
32.432372,15.349757,1.616202
18.255323,26.094189,0.802309
10.287832,30.252099,-0.288827
15.067627,23.235212,-1.020419
29.729642,11.980910,-1.024559
43.157209,4.772053,-0.406598
44.245858,4.941212,0.362577
32.526074,12.018636,0.768474
16.857572,22.258193,0.564314
6.196567,28.161245,-0.101988
4.415806,24.668460,-0.785032
11.484499,15.118531,-1.001260
24.752008,6.590107,-0.530197
37.302490,3.507659,0.405734
40.664296,6.130805,1.230475
32.706579,13.230823,1.373628
19.743961,22.582926,0.678989
9.148622,29.567650,-0.451506
3.960095,30.056953,-1.316378
4.577050,24.972090,-1.391916
11.779037,17.432926,-0.670803
25.568775,10.658765,0.365436
40.263832,6.510848,1.078277
45.601899,4.716868,1.061527
38.080717,6.289451,0.364458
24.937534,14.144252,-0.545085
14.706019,28.901023,-1.052243
9.719475,44.397972,-0.776630
7.516391,50.388847,0.150571
6.671086,41.089898,1.125680
10.189861,22.518775,1.456593
21.809975,6.788142,0.845915
38.816773,0.000000,-0.388240
50.641732,1.135309,-1.523735
47.920561,11.431089,-1.905865
32.888846,28.547216,-1.328928
16.391324,44.542373,-0.101670
6.936992,47.361013,1.170573
9.501163,34.270280,1.904274
25.299185,16.332108,1.793835
47.134539,4.646905,0.922956
59.342851,2.143823,-0.293567
51.704802,7.652696,-1.309248
31.758858,19.494483,-1.694154
13.908798,33.025748,-1.315347
4.318722,38.579740,-0.380408
2.206329,30.908233,0.656158
6.933468,17.414805,1.288917
18.961538,6.861203,1.202477
36.261472,2.196444,0.453158
51.014005,2.760634,-0.534330
52.622990,8.489392,-1.194020
39.418213,20.948581,-1.145185
21.554952,38.592338,-0.406530
8.789810,51.954412,0.629111
3.672731,50.300905,1.415590
6.009535,34.222001,1.526849
15.651628,14.659551,0.858508
29.533146,2.338649,-0.311137
39.706779,2.473674,-1.432360
38.790599,16.345901,-1.944225
27.500596,39.778964,-1.567428
14.191475,58.619920,-0.461344
6.951545,56.230906,0.852727
11.867697,35.361445,1.753985
30.842004,14.531218,1.826746
56.607045,4.228164,1.067340
72.361431,3.041710,-0.099761
65.382785,7.179238,-1.032915
42.008834,14.718483,-1.242771
19.664338,22.461281,-0.710613
7.685227,24.615529,0.091189
4.523939,19.189135,0.538578
6.098756,11.449502,0.318992
10.981047,6.033108,-0.347138
19.460931,3.470467,-0.899594
29.864086,3.363200,-0.872011
37.087862,8.178097,-0.213674
36.259504,22.635403,0.717176
28.589195,45.487934,1.419809
18.508818,63.717596,1.544908
12.676920,63.467014,1.039680
18.939996,44.975998,0.121618
39.282003,21.589585,-0.846220
61.994958,5.672029,-1.501020
68.536525,0.349137,-1.600402
54.886122,5.652902,-1.097229
33.026976,21.666546,-0.164674
15.574164,43.561325,0.837113
7.033110,57.895369,1.474509
5.798745,53.543344,1.430753
10.375679,34.546170,0.692292
20.557377,14.976602,-0.401276
32.272898,5.162465,-1.311573
36.897975,6.616420,-1.580634
30.151998,16.284633,-1.064544
17.946704,27.789873,0.002849
10.789440,31.491646,1.125190
14.733629,22.825335,1.770589
28.198452,9.349217,1.621266
41.902613,1.676046,0.741812
44.577178,6.325418,-0.436612
33.563751,24.121825,-1.339260
18.662129,46.190277,-1.560406
9.784566,54.264554,-1.072252
11.192587,39.909132,-0.210777
23.214185,17.012790,0.529273
39.902644,1.160327,0.763193
49.731209,0.000000,0.420395
44.993335,7.979390,-0.209546
29.875977,27.946185,-0.634556
15.093669,48.952864,-0.471184
6.585781,55.029289,0.269877
4.748593,40.585002,1.143477
10.145407,19.326824,1.546784
23.313261,4.657705,1.133289
39.386510,0.000000,0.057566
48.093211,3.267622,-1.123191
43.757932,15.217062,-1.796340
31.087485,35.178317,-1.638597
18.189527,54.661123,-0.765112
9.084479,57.622529,0.354840
4.994452,40.552288,1.146128
8.262436,18.783972,1.227834
20.000602,5.105379,0.624933
35.876141,1.352478,-0.240042
46.000230,4.925166,-0.799409
42.471469,15.074851,-0.691811
29.058262,31.559429,0.016305
15.442385,48.149884,0.877012
6.856612,53.317888,1.328266
5.340996,42.582192,1.016034
12.964842,24.565080,0.008062
28.770039,10.499781,-1.202319
44.465203,4.621350,-1.932833
48.249679,5.515774,-1.709105
38.152907,11.733784,-0.598377
22.827178,22.135738,0.781451
11.446382,32.000429,1.645524
6.541469,34.067638,1.566503
6.614751,26.994449,0.740762
11.033032,15.728864,-0.203189
20.140887,6.708669,-0.679420
31.460773,3.261253,-0.525168
38.929831,6.051685,-0.036073
37.872157,15.532849,0.303959
28.652460,30.312568,0.169405
16.912407,43.212955,-0.398859
7.995219,43.538789,-1.016886
4.662331,30.864496,-1.188853
9.435022,16.123912,-0.632823
22.954835,6.913422,0.484043
39.277387,3.185029,1.580803
46.355175,2.142250,1.996483
38.745859,3.387280,1.419537
24.508592,10.119017,0.106369
13.691877,24.735533,-1.268476
9.759251,42.412724,-2.009875
10.202097,51.436530,-1.774005
11.188504,44.174012,-0.715335
12.964567,26.803895,0.618574
18.877934,11.674186,1.561875
28.235229,4.361986,1.656638
34.898901,4.486491,0.888768
33.548611,10.861050,-0.301210
25.215757,21.946584,-1.261880
15.812887,33.114475,-1.491109
9.932366,36.724302,-0.893642
10.071041,29.335963,0.197038
17.679627,16.139916,1.206976
29.733343,6.392204,1.603923
37.476152,7.409016,1.155552
34.433232,21.788190,0.061374
23.984751,43.488242,-1.124212
13.847785,55.012109,-1.775386
10.224440,43.999282,-1.540431
17.764907,22.162190,-0.534887
34.983704,5.616067,0.733960
50.509644,0.240702,1.642922
50.887348,5.368514,1.758035
36.994940,20.371803,1.029911
19.589047,43.106676,-0.183234
6.708960,61.448774,-1.276913
1.548324,58.813474,-1.699683
7.673973,37.906411,-1.251639
29.630293,15.499495,-0.199232
64.118430,2.435989,0.879843
91.499542,0.000000,1.424987
88.557480,3.759238,1.190357
58.126509,14.698887,0.355059
25.403178,31.219072,-0.587615
6.431174,45.066870,-1.100050
0.760070,44.702047,-0.909148
4.733853,30.391042,-0.188293
19.215613,14.399540,0.535333
42.894062,5.454517,0.740316
63.240111,4.466784,0.303248
64.301542,9.919726,-0.393111
48.237608,21.272419,-0.753735
29.640251,36.397065,-0.445364
17.588023,45.955449,0.336959
12.741436,39.819779,1.022665
13.449023,23.158009,1.096360
19.337733,8.871155,0.460511
28.460327,2.651782,-0.516304
35.797785,2.437143,-1.249973
35.979211,4.584690,-1.294996
28.229000,8.000421,-0.600857
17.321129,13.431329,0.446953
9.282596,19.612636,1.228181
7.623328,22.100128,1.251321
13.458049,18.642332,0.478664
25.755300,12.844973,-0.617823
39.073207,8.362599,-1.343950
46.020252,5.429403,-1.230893
43.200832,4.526958,-0.330222
32.921403,8.632079,0.832741
21.135317,20.565819,1.583230
12.067494,37.916420,1.478239
6.673840,50.715629,0.543958
5.431919,49.320313,-0.729244
10.369142,34.664120,-1.638682
23.878178,17.509565,-1.668645
43.916745,7.062182,-0.818412
60.017559,4.250199,0.380988
59.649528,6.906445,1.216152
42.178864,14.991420,1.270913
21.127793,28.279222,0.674175
8.208424,40.879860,-0.060586
4.583411,43.678653,-0.445747
5.850491,34.266081,-0.345619
9.945788,19.034784,-0.000883
19.198487,6.599810,0.205855
33.590795,0.628427,0.036805
45.458184,1.521010,-0.446477
46.169230,9.885476,-0.924446
36.240666,25.180738,-1.014812
24.883338,41.347952,-0.518290
18.642084,47.092413,0.420836
17.438032,37.459928,1.354930
20.075334,20.645335,1.778887
25.024976,7.524844,1.432874
28.970714,2.315186,0.453812
27.962776,4.799130,-0.719485
20.551653,14.558360,-1.594998
10.818375,30.479222,-1.851690
4.643878,45.516164,-1.431456
7.054628,47.086709,-0.510649
21.853119,33.086251,0.584898
47.082295,15.848085,1.477757
68.704732,5.527979,1.839543
69.069549,5.795123,1.495571
48.527823,16.686559,0.519344
24.090849,34.390636,-0.734011
8.308171,47.955880,-1.725778
2.374100,45.167063,-1.974826
3.719354,29.285330,-1.327091
11.354563,13.210694,-0.067313
24.347642,4.359795,1.222526
38.009179,3.280529,1.966099
44.225190,8.247438,1.861254
38.519171,17.280756,0.981038
25.757923,26.648614,-0.294827
13.594477,30.196664,-1.448897
6.828570,24.305444,-2.025026
8.143550,13.158305,-1.795825
18.628867,4.037097,-0.843456
34.627439,1.163036,0.470142
46.615927,6.241366,1.626033
45.888188,19.654618,2.131869
34.570227,37.718103,1.729298
21.194526,49.494675,0.550503
11.105405,44.066637,-0.887140
6.518206,27.169678,-1.902991
8.004842,12.724773,-1.998279
15.561039,6.633971,-1.125200
28.879598,6.794583,0.275749
44.707216,8.797780,1.485685
55.365341,9.584150,1.865421
53.676246,10.144069,1.206635
39.909927,14.189252,-0.108272
22.329270,23.097186,-1.286264
9.281726,32.401342,-1.609274
4.783932,34.943132,-0.927517
10.169700,28.046000,0.227353
24.555004,16.730629,1.040423
41.369633,8.172087,1.025240
48.736694,5.251114,0.353484
41.541471,8.589870,-0.349560
26.670723,19.347980,-0.536382
13.387735,34.715767,-0.141706
5.554100,43.683543,0.431505
4.748231,37.280805,0.665945
14.274737,22.230448,0.313174
35.531713,10.264346,-0.451751
59.071673,5.659656,-1.154185
66.102440,7.098671,-1.309609
50.695741,13.305331,-0.716645
26.808054,24.334215,0.394889
8.638518,36.660483,1.456475
0.470757,40.822507,1.871190
1.701811,32.227085,1.366665
12.386044,18.124926,0.160267
31.415776,7.841890,-1.168141
50.128372,3.875213,-1.992512
54.705601,4.103971,-1.940488
42.564595,7.456652,-1.035740
25.153925,14.821744,0.337683
13.210550,25.815342,1.604190
8.880648,36.093310,2.234276
8.904307,39.089655,1.962485
10.854318,31.811967,0.890103
16.156569,19.326913,-0.567572
25.942736,9.448635,-1.846393
36.377549,5.458121,-2.436211
40.521172,7.888507,-2.068219
34.030122,17.250530,-0.840969
21.338179,30.998145,0.778553
10.612105,40.434580,2.117904
6.507109,36.995437,2.578021
11.120726,23.836223,1.906969
25.338350,11.061916,0.349731
44.285385,5.416679,-1.402319
55.274170,7.559041,-2.489803
49.394050,15.290355,-2.321829
31.724836,25.797891,-0.949848
15.523407,34.795134,0.899795
10.261644,35.410600,2.225957
18.051130,25.354235,2.343303
34.721933,13.178312,1.256274
48.951932,8.593239,-0.411196
49.103407,14.484934,-1.815487
35.126637,26.714438,-2.325371
18.130522,35.831889,-1.767391
9.075244,34.194466,-0.438977
12.282930,24.080784,1.056547
25.301780,13.052987,2.073278
40.010651,6.589458,2.187629
46.467717,5.814300,1.364700
41.135385,10.380762,-0.030787
29.353898,19.749752,-1.375268
17.790332,30.876545,-2.041962
10.028362,37.737616,-1.702313
7.454040,35.987979,-0.536791
11.085568,25.838053,0.811693
21.469668,13.367248,1.585231
35.255236,5.213217,1.367842
43.772864,3.753118,0.337135
40.797824,9.668753,-0.863653
30.085453,22.962872,-1.524337
19.355843,38.955329,-1.263619
13.425915,47.199086,-0.209873
14.092276,40.606718,1.081576
21.462605,24.657499,1.909237
32.006989,11.077241,1.785710
37.499631,5.591575,0.713363
35.307851,6.435072,-0.790878
36.264994,9.356364,-1.966037
48.564192,11.566149,-2.218574
62.648213,12.984234,-1.423000
62.649255,16.619880,0.041890
46.461342,26.816133,1.493550
25.423270,41.707506,2.257019
10.355124,49.705624,1.963477
5.285253,41.683868,0.728583
9.871919,24.609048,-0.882360
21.589640,11.217963,-2.115357
35.075921,6.733317,-2.389926
41.881212,9.418780,-1.566742
36.293612,16.271668,0.002229
23.502741,24.654653,1.631365
12.835268,31.466587,2.586615
7.753186,34.546660,2.406329
7.781381,34.480777,1.138326
11.945820,31.410365,-0.646442
20.272462,25.281932,-2.117478
31.848576,17.537780,-2.600460
41.554813,11.752741,-1.908924
44.008241,12.281847,-0.419567
36.693633,20.148722,1.123441
22.734821,31.081478,1.974886
11.269996,36.530174,1.772104
8.352902,31.397184,0.745204
14.571399,20.645226,-0.410661
27.247060,13.219706,-0.984549
39.279952,12.634393,-0.737932
41.810087,17.914163,-0.053097
32.661906,26.896497,0.398698
19.770821,34.111959,0.207787
12.221146,32.598744,-0.457374
14.364719,23.003283,-1.011735
25.996075,12.680452,-0.928747
40.141988,6.324446,-0.134592
46.871570,4.538212,0.951139
43.768342,9.196131,1.697583
34.909360,24.464007,1.638685
24.672519,49.988792,0.727330
16.050146,72.060568,-0.632565
10.100105,70.865984,-1.776939
8.521903,47.745338,-2.116008
14.748797,21.848305,-1.450160
30.473934,6.984105,-0.084380
49.273227,3.541011,1.331244
57.326460,6.194794,2.131735
47.582845,11.862664,1.948180
28.705344,20.788127,0.863725
13.092120,31.896876,-0.623177
6.475733,38.763544,-1.811334
9.396835,34.588621,-2.123384
21.174557,22.446946,-1.405839
38.850277,11.631183,-0.023006
54.763198,7.539643,1.333334
60.846746,9.341505,2.006304
52.791140,13.709710,1.692173
34.822341,18.577225,0.561891
17.761020,23.615631,-0.834513
7.637369,28.605901,-1.820962
4.952071,31.917778,-1.912523
8.847353,29.753808,-1.062812
20.426039,20.868596,0.302285
39.949212,10.241650,1.507843
59.135340,4.205608,1.982664
63.394968,6.181353,1.530160
48.618927,16.578354,0.386904
26.077911,32.017554,-0.914939
9.480606,43.304065,-1.788211
4.636365,41.015559,-1.841674
11.058005,26.771327,-1.053746
25.374242,11.961424,0.213693
41.529229,5.622802,1.383310
51.508609,9.879670,1.928617
48.858549,22.700629,1.601633
34.729137,38.723319,0.529747
17.843005,47.381021,-0.834484
5.895042,39.612292,-1.888988
3.184387,22.293468,-2.137211
11.732114,8.254577,-1.424618
28.841293,3.623867,-0.028274
45.061473,7.848798,1.462309
50.436073,18.042237,2.406460
43.796158,31.300611,2.379953
30.367203,41.711154,1.346336
17.093407,41.500500,-0.312557
8.829658,30.951493,-1.925923
9.294083,17.985873,-2.804513
20.571420,8.997779,-2.549551
40.165511,5.691445,-1.242286
61.082842,6.221371,0.585021
75.396441,8.247844,2.171348
75.143449,12.207117,2.841591
57.835643,20.915303,2.304042
33.469741,33.873255,0.813269
15.227246,43.477865,-0.917209
7.655674,41.084442,-2.066325
8.680310,27.613881,-2.144975
15.361446,12.803722,-1.246372
25.714431,4.047049,0.049174
38.272452,2.372742,1.028686
48.339910,6.531403,1.229533
47.254642,15.447802,0.656904
34.206480,27.123215,-0.243124
18.502228,35.361482,-0.838978
7.446936,33.189610,-0.693078
3.988306,22.682776,0.138003
9.591574,11.171139,1.102267
24.650068,3.808583,1.501043
44.559013,2.439829,0.967958
57.444198,8.577383,-0.269299
52.277901,23.938829,-1.530287
33.507072,45.106068,-2.102622
16.555391,58.835525,-1.644572
13.789542,52.997455,-0.347976
28.714169,33.606215,1.172752
53.466461,15.669663,2.177947
70.140712,7.660442,2.159229
65.197327,10.064243,1.102795
44.220258,21.213327,-0.487221
23.104888,37.374381,-1.842141
11.030458,48.740752,-2.319842
7.237476,45.266031,-1.708854
9.093090,29.095667,-0.302859
17.135591,13.050294,1.248963
31.480998,5.061777,2.229161
45.879886,3.879993,2.173910
50.174030,5.750680,1.104142
41.939101,10.697839,-0.466734
27.470690,21.330835,-1.786554
14.907477,36.143461,-2.246440
8.624881,45.679012,-1.668040
8.576490,41.038656,-0.355277
13.379786,26.021329,1.072474
21.811121,11.334283,1.961295
32.339809,3.526380,1.908710
41.184354,4.315075,0.949395
41.388272,13.965930,-0.455316
30.950192,30.333853,-1.640779
17.320832,44.658362,-2.060202
8.417045,45.142853,-1.526406
8.226101,31.927176,-0.268436
18.304912,16.785240,1.182784
36.789005,8.466170,2.208579
55.011329,7.471767,2.346701
59.267637,11.076536,1.488348
46.281115,19.013632,-0.060661
27.484226,31.491343,-1.696600
13.082706,43.782402,-2.759441
6.086318,47.841063,-2.791057
5.965299,39.905506,-1.719929
12.752624,24.544367,0.084898
26.808462,10.722638,1.931431
43.739731,3.398964,3.081759
52.562317,2.872195,3.072278
45.751659,8.357049,1.907053
29.775241,19.236600,0.033912
15.847035,32.116077,-1.848991
8.357639,38.797899,-3.048038
5.216521,33.718280,-3.111933
4.897252,21.754923,-1.999707
9.918480,10.479421,-0.118732
23.035741,3.600797,1.805656
41.145434,2.393690,2.996199
53.911188,7.890213,2.935006
51.547389,20.498721,1.614562
36.338044,37.391646,-0.387482
18.860440,49.300880,-2.116077
7.311031,45.381034,-2.712870
4.257083,28.957319,-1.916763
9.341694,12.878326,-0.240260
20.515584,4.892423,1.340353
32.876532,4.021630,1.977147
39.762353,6.429440,1.419712
37.009889,11.148860,0.090897
26.836924,19.662335,-1.204224
15.616659,31.063362,-1.723787
9.249353,38.796613,-1.169940
10.182607,36.162579,0.153446
17.095782,25.156222,1.493979
26.008498,13.025085,2.070024
34.111730,5.906272,1.530007
41.264624,7.558435,0.156346
43.348034,18.668603,-1.319356
35.799776,35.093039,-2.146481
23.125220,47.019192,-1.945128
13.748352,45.412442,-0.857365
12.293064,31.492205,0.559864
16.871850,15.270887,1.614030
22.232623,4.782321,1.811891
26.236132,1.410915,1.108127
31.343516,4.152185,-0.072357
36.858161,13.268764,-1.074154
36.828140,28.467893,-1.377088
29.617830,44.104854,-0.865175
22.081310,48.436286,0.142228
21.893949,37.083728,1.078517
30.419973,19.001182,1.420273
41.173598,5.226967,0.951375
44.870467,2.819340,-0.113528
37.124506,14.392366,-1.227386
23.068976,36.397306,-1.808614
12.998476,54.826125,-1.568709
13.313445,53.040132,-0.649918
24.911876,33.571062,0.509849
43.721328,14.292056,1.453374
61.254013,5.738603,1.904787
66.159363,7.677341,1.790391
53.707243,16.314969,1.152833
32.512394,27.509487,0.100829
14.749682,34.815051,-1.145945
6.377899,32.159050,-2.197547
7.926202,21.996088,-2.564570
17.516497,11.362628,-1.911454
31.018927,4.723872,-0.349349
41.658583,3.313403,1.489158
42.506632,7.447070,2.729303
33.005528,16.946080,2.739080
20.734289,29.358993,1.493864
12.461992,38.984383,-0.407391
8.974087,39.724617,-2.050602
8.746460,31.012346,-2.648738
12.236353,18.526119,-1.916818
22.038688,9.147543,-0.226863
37.832658,5.424731,1.552357
52.125555,6.125291,2.496440
54.284210,9.453026,2.122690
41.729535,15.673589,0.639817
24.021802,27.553217,-1.195877
10.763810,45.150191,-2.493043
4.668082,60.929410,-2.645682
4.850511,62.175584,-1.573724
11.437645,43.798429,0.266442
25.046796,20.521555,2.078354
41.879340,6.790745,3.064407
52.594508,4.418867,2.775826
49.293937,8.897604,1.308096
34.984799,16.371503,-0.746469
19.775173,24.245729,-2.544626
9.928669,29.224368,-3.325201
6.005180,28.214134,-2.724332
7.488842,22.391462,-0.964561
15.497732,15.239707,1.199580
29.530897,9.457246,2.810365
44.674093,6.156076,3.162081
54.568932,5.765759,2.130721
53.421111,9.093775,0.213040
39.949646,16.882020,-1.710443
22.538720,27.735528,-2.766058
10.521117,36.441764,-2.486756
7.007726,36.594805,-1.057310
11.988012,27.626573,0.754938
24.715080,15.933180,2.007513
41.631802,7.792009,2.112488
54.416416,5.582728,1.148671
53.588882,9.596048,-0.237282
38.338349,19.503737,-1.242844
19.708932,33.199761,-1.360290
7.430153,44.509439,-0.629145
3.714005,45.693073,0.408913
7.824801,34.983043,1.029379
19.714348,20.133671,0.778865
37.022275,9.652025,-0.194185
50.740963,5.587974,-1.192910
50.386454,7.083584,-1.442487
36.742600,15.283016,-0.666589
19.802327,31.652598,0.681997
8.335921,50.615238,1.736006
5.490235,58.532618,1.824881
10.976616,48.105135,0.906148
24.360325,28.722659,-0.468676
42.319531,13.266467,-1.549050
54.939208,6.149014,-1.816010
52.763884,7.312402,-1.200473
38.227942,15.992588,-0.046571
22.283071,28.292457,1.091395
12.457684,35.497289,1.704785
10.280560,31.047878,1.538911
13.805097,19.898754,0.679529
19.978129,10.294733,-0.503099
26.910268,6.245594,-1.513340
32.393356,9.021573,-1.928171
31.978115,19.209682,-1.571804
26.202598,34.143150,-0.598831
25.336145,45.034119,0.576672
35.741024,42.691386,1.495496
50.756922,28.752942,1.883820
58.799038,14.527605,1.736194
54.945380,8.339792,1.205163
40.854505,11.647826,0.426320
24.004729,21.870306,-0.538344
12.063428,33.349203,-1.584894
7.854288,37.793766,-2.419452
10.620991,30.568400,-2.589001
18.876857,16.355548,-1.759948
30.592978,4.721758,-0.056886
41.916227,2.020019,1.853903
47.206491,10.646228,3.082976
41.685437,30.143511,3.040297
28.167437,53.603109,1.775719
15.927449,65.835326,-0.090631
11.692404,56.012826,-1.743949
16.916782,32.860046,-2.570106
28.969615,13.292340,-2.364698
41.933550,5.056760,-1.330927
48.666916,6.476579,0.057632
45.330425,13.882075,1.250613
34.416120,24.544716,1.814434
21.658172,36.145111,1.582440
12.920832,44.313120,0.724729
10.772563,43.625673,-0.301145
14.115403,33.964480,-0.948371
20.858345,21.235295,-0.885215
29.251403,10.949858,-0.236089
37.590970,4.841418,0.455728
43.340915,3.626169,0.595337
44.498307,9.233971,-0.003300
38.268261,23.572208,-0.936089
25.794031,43.828131,-1.482290
14.248836,58.617034,-1.130079
8.564894,55.623111,0.054243
11.158494,37.836634,1.469940
22.897989,18.760830,2.357433
40.470386,6.709179,2.220350
54.537595,2.928447,1.060241
53.806478,8.088021,-0.642413
38.257792,24.153800,-2.151835
20.261874,47.229749,-2.806341
11.243818,61.938627,-2.315686
13.804308,54.973706,-0.884963
22.762555,36.749970,0.889876
31.081314,24.340290,2.282824
37.857036,20.114881,2.727313
46.681091,17.047822,2.037802
56.881519,12.699496,0.499626
63.108059,9.817634,-1.227904
61.479933,11.106924,-2.393491
50.449856,18.425988,-2.499585
33.550113,31.245614,-1.523415
18.046143,43.158097,0.096799
10.703009,44.242655,1.670859
17.283905,32.408941,2.541991
38.329392,16.818334,2.344469
63.767446,7.892063,1.155290
75.756457,12.768687,-0.527884
64.671075,32.452722,-1.996393
40.331467,58.054217,-2.637561
20.327790,70.336014,-2.189813
14.660369,56.468294,-0.843047
24.715721,28.856632,0.834466
43.991970,7.985467,2.117688
60.816191,2.456548,2.438342
66.075844,10.450482,1.665588
56.559181,26.540403,0.188778
38.784440,42.937509,-1.273670
22.264305,49.607123,-2.036869
12.612529,42.055380,-1.776967
10.669633,26.457465,-0.667687
14.335500,12.083793,0.711342
21.058934,4.959701,1.649671
29.579053,5.199405,1.664519
38.607592,9.468137,0.774824
43.868079,14.561479,-0.492021
41.094809,19.333312,-1.407009
31.068340,24.605391,-1.476355
19.262905,30.849940,-0.714210
11.844050,36.135561,0.411560
11.305990,36.156976,1.278332
17.617546,29.129329,1.438172
29.205382,18.768362,0.812993
41.909718,10.718677,-0.293820
50.002308,7.573154,-1.346168
48.759607,8.984830,-1.822643
37.768518,14.770100,-1.458680
23.191225,24.652734,-0.367315
12.793298,35.290782,1.014392
8.848353,39.793839,2.109562
9.102010,34.575073,2.428511
11.620082,23.807226,1.766916
16.999971,13.952654,0.315575
25.687284,7.787102,-1.381332
34.649364,5.196910,-2.637729
38.260174,6.705978,-2.921342
33.782560,13.223143,-2.083478
24.687628,23.328038,-0.420323
16.653729,31.658373,1.438386
13.059598,32.193538,2.763816
13.604478,25.027779,3.018545
17.409917,16.150289,2.098028
24.851160,9.718089,0.393359
34.403078,6.145824,-1.381262
40.847010,4.803508,-2.509052
38.950136,6.074416,-2.571510
28.881012,12.395438,-1.605439
17.477257,26.282414,-0.077014
11.101944,44.405216,1.317236
10.182419,56.681028,1.966724
11.969012,54.620244,1.644614
15.469807,40.094076,0.613558
21.899172,22.174123,-0.536531
31.615014,9.636237,-1.215986
40.061150,5.542572,-1.129123
39.971403,9.117296,-0.392001
31.664085,19.203932,0.548760
21.634899,32.612307,1.143397
15.015029,41.450404,1.023862
13.910392,38.349776,0.217325
18.926072,26.848716,-0.846601
29.074280,15.022549,-1.569454
41.765545,7.150960,-1.524998
52.975539,4.592811,-0.691510
55.745854,7.496620,0.552758
45.883229,15.064000,1.632105
28.876773,25.172691,2.042933
14.594397,33.749638,1.574904
9.853357,35.604413,0.410403
15.629156,28.874506,-0.944174
27.206997,17.239033,-1.886731
36.149397,6.680657,-2.004295
37.029782,2.059605,-1.261943
31.554473,5.810910,-0.005076
24.388491,17.065278,1.202586
17.822791,29.401806,1.821222
13.301245,32.396894,1.571040
12.378073,22.962488,0.574132
16.162039,9.652087,-0.683699
23.990098,3.604527,-1.585538
31.115329,11.663134,-1.695746
31.833208,32.820815,-0.970453
26.951526,54.991391,0.242255
23.387518,59.392445,1.381646
26.654281,42.568730,1.925415
34.944883,20.955109,1.613029
41.600992,7.592240,0.565504
43.914499,3.333270,-0.758379
41.496289,5.040139,-1.771792
33.752645,12.294955,-2.036647
23.178674,26.259556,-1.456853
14.312683,43.324318,-0.298524
9.382128,51.861840,0.942808
8.909883,43.465237,1.751362
14.492419,25.261891,1.801907
27.508105,10.383707,1.099552
43.285836,4.190327,-0.021872
51.036171,4.865780,-1.058505
44.551121,8.938368,-1.571731
30.627625,13.407087,-1.372771
19.284660,16.462121,-0.578679
14.052059,18.846172,0.455287
12.232408,23.015206,1.282413
10.969197,28.671117,1.542639
10.287086,31.136995,1.112995
12.885787,26.961849,0.162745
22.615171,18.703234,-0.917582
39.808706,11.814302,-1.676425
57.331089,9.137388,-1.778365
63.127958,10.344873,-1.139591
52.180850,14.748813,0.018975
32.584985,22.494120,1.237053
15.914443,30.903825,2.001377
6.789580,33.261340,1.978597
4.882232,26.454070,1.170879
10.881896,16.572704,-0.086500
26.617122,10.460987,-1.271389
48.533961,9.620880,-1.893140
63.649406,12.432094,-1.704544
59.712655,18.988131,-0.824788
40.345083,30.723465,0.305075
20.263449,45.157711,1.142422
8.557188,53.488564,1.325332
5.479284,48.222945,0.844796
9.427933,31.956520,0.013766
20.056611,15.744469,-0.718951
35.147751,6.804791,-0.988726
47.484141,5.372073,-0.672674
47.469427,9.755426,0.060680
36.192018,19.762885,0.826643
23.213985,33.639276,1.208023
14.067667,43.709444,0.970201
9.948537,41.409319,0.192416
12.388322,28.884074,-0.760170
24.388230,15.937359,-1.408263
44.837716,8.569511,-1.393196
62.221685,6.054800,-0.676099
63.420942,7.280363,0.398102
48.741812,14.661279,1.247467
29.369800,30.027298,1.382745
15.006093,47.133258,0.733032
8.266309,53.200342,-0.281110
8.516956,43.158536,-1.018383
14.959400,25.252244,-1.046730
26.015129,9.870439,-0.411355
36.609644,2.989482,0.440205
40.942248,10.154453,0.979793
36.901175,34.743380,0.915019
27.488090,68.005258,0.314383
21.269184,83.935753,-0.476820
25.093076,64.433449,-1.037886
38.950540,28.341551,-1.082682
53.433958,4.157958,-0.590330
56.467627,4.493599,0.198468
46.132826,25.911060,0.913227
29.335684,52.981198,1.235439
15.986238,64.207014,1.031271
12.371121,51.141159,0.385857
18.746391,26.765724,-0.446240
31.464806,8.308361,-1.138276
43.033831,2.209471,-1.408335
45.947909,6.589077,-1.125971
39.499789,18.581887,-0.368924
28.027066,34.371283,0.595585
17.571192,44.607296,1.398036
11.026493,39.523652,1.696487
8.723855,23.568866,1.317856
13.122904,9.236932,0.360377
27.067535,3.271864,-0.810205
45.435492,4.854459,-1.701494
55.245637,9.730267,-1.914979
49.604089,14.395342,-1.330580
36.186643,19.185201,-0.167382
24.281122,27.694603,1.096443
16.255354,40.927996,1.914230
12.240806,51.449095,1.912079
12.168698,48.562969,1.078510
17.480245,32.315138,-0.214243
29.410649,14.982011,-1.392518
42.749314,6.306073,-1.962226
47.838818,6.968752,-1.719243
41.051475,13.753092,-0.794142
27.991279,23.414494,0.440907
16.435557,31.819346,1.522625
9.851352,34.074163,2.048321
8.181155,29.087656,1.802416
11.327522,20.714995,0.835075
19.528615,13.324070,-0.530214
30.204529,9.051600,-1.776943
38.095055,8.491270,-2.370599
39.547767,13.190457,-1.997651
34.038829,24.849122,-0.761301
23.817422,40.336632,0.813807
13.629452,49.483167,2.023630
8.493522,45.049828,2.344404
11.944878,32.351344,1.681850
24.229931,19.625627,0.374848
39.899959,11.042202,-1.000463
49.642501,6.234105,-1.886671
48.775565,4.471216,-1.952255
39.172650,7.739859,-1.200292
26.856548,18.343879,0.042960
16.699740,34.191683,1.256493
10.942219,46.544985,1.925063
8.946412,46.096965,1.741712
9.489069,33.545462,0.748507
14.140693,17.784445,-0.641735
25.601274,6.708365,-1.792686
42.407810,2.987495,-2.144546
56.538568,6.899141,-1.523298
57.568691,19.160007,-0.250219
43.201703,38.147346,1.044800
24.308686,54.499259,1.783047
11.777236,54.897579,1.727049
8.292460,39.437827,1.041402
12.316251,21.487598,0.141827
21.502807,8.965252,-0.544332
32.664000,2.737681,-0.784288
42.135401,2.695724,-0.630077
47.043878,9.559170,-0.352222
43.810890,22.906293,-0.244995
32.771383,37.194418,-0.417536
21.067859,42.484708,-0.713317
15.902022,34.205557,-0.819250
18.704071,19.665378,-0.488675
24.943966,8.982073,0.274816
28.845707,6.245214,1.185499
30.994898,10.285292,1.804305
38.459807,17.239475,1.759333
52.824536,22.281481,0.961048
61.836850,22.457701,-0.295574
55.119105,18.876925,-1.433601
37.998483,17.813582,-1.894586
21.062174,24.624349,-1.472140
10.430441,36.137024,-0.443846
6.116013,42.659408,0.604469
7.706565,38.800565,1.134594
16.748822,28.177328,0.943982
31.982799,16.888404,0.225948
45.979253,9.078716,-0.579401
49.899939,6.715381,-1.021550
42.061097,10.404360,-0.848121
28.298980,18.834226,-0.113682
15.179910,27.200047,0.848139
5.634482,29.453335,1.578763
1.087090,25.312390,1.702224
5.426668,19.830779,1.088015
23.800470,15.450684,-0.089994
54.637022,12.259121,-1.403539
82.160811,10.704887,-2.314522
85.956942,13.306713,-2.388221
64.314656,23.767930,-1.502856
35.218856,41.956453,0.056740
13.855753,58.034732,1.690562
4.053440,57.375332,2.722584
3.926989,40.074769,2.680655
11.852070,20.959055,1.514383
26.248388,9.026679,-0.332747
42.076777,4.672912,-2.066872
52.083632,5.611556,-2.895597
50.598625,11.276100,-2.430278
39.262601,23.334260,-0.895559
26.269241,40.774869,0.990061
17.279066,54.872976,2.378516
13.710527,54.154511,2.685461
15.579239,38.744392,1.831557
23.606988,20.766491,0.252923
35.468429,9.392629,-1.317678
44.428657,5.548186,-2.213841
46.587162,7.001492,-2.157929
42.220690,13.105127,-1.343777
32.433326,25.540141,-0.235380
20.824698,44.155169,0.743987
11.775588,61.093672,1.388362
7.394378,63.786295,1.659609
8.440770,48.882759,1.538177
16.456316,27.057037,0.974303
33.015003,10.404880,0.009743
55.210867,2.732080,-1.066748
72.140027,3.169231,-1.751184
71.726671,9.890299,-1.618292
52.922596,21.049321,-0.679519
28.976158,33.407919,0.526752
15.495055,40.679159,1.259930
18.035068,36.562067,1.096213
32.363337,22.751275,0.225414
47.189237,8.327095,-0.709347
50.829548,2.715087,-1.079409
42.013164,12.594124,-0.673481
27.857968,37.282121,0.225615
16.612613,61.947571,1.069738
12.887773,64.250642,1.376476
18.805115,42.463206,0.970264
33.080211,18.265316,0.045111
47.475483,8.095803,-0.950973
50.481463,13.455324,-1.545339
39.605464,29.153731,-1.467490
23.400216,48.613862,-0.757101
11.208755,60.392915,0.285003
7.142578,55.405925,1.245391
12.584285,36.396078,1.758145
27.479264,16.739353,1.623745
46.271722,5.934983,0.869293
57.227286,3.992484,-0.260583
52.783673,7.252480,-1.384037
37.527379,14.560710,-2.107738
21.696390,28.121354,-2.154495
12.532555,46.611066,-1.458368
9.922025,58.226865,-0.203729
11.125784,51.933766,1.215580
16.548481,35.036560,2.322115
28.542359,19.687825,2.722601
44.658393,9.918540,2.245431
56.151835,5.112950,1.001780
54.794818,6.111017,-0.634520
41.424552,15.640911,-2.124703
25.750494,34.201259,-2.935391
15.387922,55.318408,-2.739485
12.162195,66.115578,-1.563907
17.032973,56.662180,0.187418
31.224190,34.760619,1.854692
50.153755,16.100043,2.764332
61.390972,6.117558,2.526603
57.151766,2.329068,1.255340
44.964706,3.710843,-0.449832
34.546536,12.326553,-1.801658
26.004461,29.555881,-2.237127
17.522933,50.353394,-1.675930
11.194486,60.596694,-0.482842
10.961535,50.604532,0.783180
20.259890,29.499510,1.637860
39.017847,11.579789,1.824538
60.435000,3.401963,1.338549
73.439548,4.190920,0.375974
70.404910,11.124995,-0.742233
53.074698,23.147408,-1.648926
31.086813,39.457033,-2.018624
14.318050,53.366006,-1.674086
7.210948,53.873554,-0.683806
8.907810,39.013284,0.618846
17.717962,19.855003,1.743028
31.193025,7.228731,2.238824
43.052610,3.149061,1.888561
45.863323,5.149942,0.806913
38.108743,11.407271,-0.584968
24.723053,20.182756,-1.713035
12.842226,27.083590,-2.095857
6.075852,27.094448,-1.579456
4.368928,20.531168,-0.423435
7.654426,12.681029,0.827171
16.306672,8.114977,1.610385
28.791351,6.825520,1.604137
40.470891,7.126950,0.856224
46.784709,9.139203,-0.247987
45.274078,13.705436,-1.163650
35.184830,20.229981,-1.451142
20.700862,27.214356,-1.006248
10.208392,32.270245,-0.112377
10.611073,32.913108,0.735844
22.784941,28.155842,1.126029
40.006697,20.100501,0.943690
52.237365,12.296906,0.388540
54.493500,7.507665,-0.182505
48.900573,6.845186,-0.469503
39.547502,10.660979,-0.388127
28.095922,18.467487,-0.103207
16.896822,27.107988,0.084333
9.262912,31.069573,-0.049926
6.595510,26.787096,-0.469392
9.068312,17.507418,-0.865226
17.813532,9.745903,-0.857651
32.201805,6.356755,-0.278662
46.021448,7.112286,0.676448
50.628505,11.616746,1.543984
41.773320,19.790415,1.857431
25.522967,29.906010,1.399567
12.136346,36.429493,0.305278
6.757297,34.637303,-1.003720
10.170187,26.502184,-1.998877
22.664557,17.027772,-2.267351
42.713209,10.336305,-1.691091
62.697097,7.673867,-0.496132
70.838828,8.621298,0.856413
61.910848,12.231568,1.873416
43.029391,17.612074,2.219135
24.159066,24.747069,1.818287
11.581951,34.389953,0.856078
6.251129,43.195988,-0.311989
7.039325,43.001016,-1.305880
14.668762,30.951909,-1.856874
30.378178,15.555955,-1.866419
50.470374,6.264645,-1.377314
64.242153,5.778882,-0.514466
60.932111,11.745712,0.539570
42.275760,20.894176,1.527788
21.890530,29.526368,2.120700
9.389524,33.440623,2.008736
4.833703,31.774945,1.087321
5.247484,27.720490,-0.378470
9.670633,22.932796,-1.778403
18.231002,16.317869,-2.436396
29.034805,9.188376,-1.997568
37.956117,4.897184,-0.653775
40.267604,7.423972,0.953213
33.634344,19.958742,2.072636
22.135754,39.531018,2.208654
11.832924,52.503833,1.329038
5.389787,45.887230,-0.140135
4.554519,26.712201,-1.512292
12.562785,10.610332,-2.156714
31.182802,4.217840,-1.795726
54.294139,5.887207,-0.625251
67.061643,12.426328,0.804741
58.740088,22.774725,1.863371
35.479524,36.178920,2.109661
12.883159,46.048663,1.453912
2.533796,42.859567,0.178390
8.758346,28.202336,-1.179348
31.003123,14.077109,-2.049389
60.200063,7.605730,-2.072429
76.979651,7.808644,-1.246841
68.723505,11.987644,0.083656
43.394683,19.393405,1.375403
18.399227,27.843565,2.095003
4.414952,31.975888,1.932598
4.246117,28.012301,0.950469
18.947313,19.153715,-0.416303
45.257851,11.363477,-1.544405
68.693824,6.663746,-1.916905
70.838414,4.938140,-1.374254
52.456062,7.914352,-0.197136
30.161420,18.880374,1.013701
15.394656,36.231932,1.620617
9.532984,49.611944,1.291417
9.374985,48.466332,0.223943
13.374583,35.616138,-0.929538
22.017301,21.316099,-1.457785
33.121353,11.395569,-1.063748
40.833158,6.465925,-0.060107
42.720082,6.114799,0.873022
40.123222,10.522684,1.174379
33.905644,19.360046,0.754658
25.786871,29.403018,-0.015762
17.486261,34.581907,-0.611069
11.238146,30.787087,-0.691145
10.678939,21.214621,-0.271386
18.456227,11.804102,0.329444
32.640855,5.478776,0.695005
44.981267,3.346055,0.556036
46.293201,6.908672,-0.049442
35.533306,17.297368,-0.792971
21.772999,31.506350,-1.247517
13.056427,41.002988,-1.134091
11.639309,38.393249,-0.464323
16.552416,26.637188,0.492564
24.865658,15.728719,1.359717
33.184279,11.203357,1.808618
37.708130,11.820468,1.656793
35.225122,15.535192,0.908229
26.671915,23.518306,-0.243691
17.443457,34.355636,-1.447644
12.656789,40.207229,-2.273167
13.358904,34.511331,-2.348360
19.017304,21.196588,-1.536195
27.142736,8.851040,-0.066072
33.058004,3.338591,1.498067
33.482343,6.585960,2.496833
28.842904,17.040628,2.505129
21.603168,29.583149,1.543979
14.704363,36.913293,0.049106
9.712990,34.170257,-1.354778
7.182566,24.542142,-2.127779
8.978239,15.384321,-2.017422
17.724279,10.974914,-1.134926
32.678197,10.953237,0.110421
47.519466,12.861287,1.193981
54.759307,14.948007,1.695003
49.645857,17.662834,1.451991
35.712270,23.064944,0.601518
21.311277,31.575351,-0.488215
11.769540,39.298615,-1.355467
7.657433,41.111021,-1.621366
9.285965,34.571347,-1.150214
17.802485,23.143886,-0.118272
31.756503,13.275848,1.051553
45.069387,8.785720,1.858650
49.458036,10.645403,1.923504
40.508605,18.235755,1.149857
24.640268,29.611506,-0.204033
12.296453,40.008010,-1.596193
8.477887,41.774868,-2.420756
12.858511,32.640791,-2.287458
20.975689,20.145826,-1.210810
26.029318,10.546166,0.389566
24.311998,5.007767,1.863059
18.260580,3.477315,2.593831
12.488484,5.291479,2.265572
12.627391,9.027264,1.023085
22.876320,12.561150,-0.571786
40.797114,14.246362,-1.807812
55.904505,15.390419,-2.179710
58.698749,19.556309,-1.617331
49.375892,28.262523,-0.467738
33.720628,36.983572,0.718227
18.693983,38.260399,1.450125
10.410044,29.400964,1.492109
11.750269,17.246370,0.927581
20.960087,9.136991,0.080863
31.162646,6.824555,-0.665940
34.853284,9.388494,-1.061574
30.238951,16.166961,-1.068027
21.034740,25.731051,-0.800191
13.025827,32.566350,-0.394592
9.965959,30.610398,0.077680
13.476876,21.961961,0.594285
24.357735,14.065869,1.098432
40.925999,10.570674,1.441201
55.612475,9.273286,1.416462
58.695941,8.243581,0.878392
47.526659,8.190565,-0.132449
30.503159,11.234970,-1.334957
18.303654,19.520557,-2.268340
13.901045,35.023916,-2.466990
13.584518,56.664046,-1.698502
12.992485,72.860424,-0.148445
11.695779,67.627511,1.590604
12.902120,42.824433,2.774162
20.036167,19.172213,2.875183
33.467832,8.938178,1.841544
47.352845,8.474370,0.103141
52.211563,10.157548,-1.636407
45.298206,11.696787,-2.694189
32.517146,15.140641,-2.672685
20.839413,22.977823,-1.612102
12.748552,35.320157,0.031663
8.651369,46.859895,1.586589
10.837908,48.192991,2.448265
23.035499,35.998833,2.310797
45.333050,19.519726,1.261885
68.801885,8.918077,-0.262532
79.497625,6.294572,-1.639392
69.568942,7.903069,-2.299713
45.311652,10.316997,-1.969620
22.944133,13.406955,-0.795137
12.203607,19.097676,0.718403
10.766667,28.427037,1.918603
11.510408,37.215139,2.273763
12.051849,38.834952,1.601785
17.266228,31.730759,0.175343
33.066419,20.222944,-1.371223
56.450731,11.144880,-2.331788
73.271943,7.947336,-2.276044
71.820098,10.515790,-1.247938
54.324988,18.220665,0.293231
32.145308,30.011158,1.717742
15.394782,41.811511,2.494474
8.157411,45.836798,2.367329
10.523797,37.780010,1.407833
21.681564,24.199611,-0.041501
38.555903,13.223861,-1.498423
54.732133,7.431636,-2.494135
63.324657,6.568157,-2.701171
57.706372,9.945415,-2.021412
38.848225,16.518243,-0.633130
19.384767,24.157595,1.027600
8.576193,29.273380,2.383534
6.938103,29.856932,2.917771
11.760222,26.058433,2.389492
21.692738,19.126627,0.973423
35.849352,11.553906,-0.757771
49.494111,6.477194,-2.055369
53.548609,8.609916,-2.369003
44.192237,21.912803,-1.672019
27.931166,43.156234,-0.484940
14.683262,57.987284,0.474756
9.747510,51.701763,0.780426
13.536377,29.774569,0.544916
23.371152,10.529682,0.244958
32.619298,3.549898,0.291763
34.174071,6.938236,0.707138
27.050101,15.002206,1.135338
16.792583,23.877136,1.130512
9.575256,29.843540,0.478049
8.323106,28.530364,-0.654128
14.227022,20.960964,-1.786943
26.469393,13.101646,-2.360888
41.744912,8.257631,-2.016814
54.765648,7.161147,-0.799031
57.223422,10.216884,0.833564
43.987887,17.072600,2.212287
23.303891,25.998026,2.768800
7.377038,34.232240,2.279467
0.677644,38.619351,0.939831
2.926898,37.155116,-0.726981
14.649132,30.749528,-2.074287
35.361842,22.304062,-2.586133
57.221629,13.869809,-2.092472
65.606166,8.128842,-0.838081
53.311878,7.765104,0.639562
30.766440,13.737918,1.752848
12.228729,24.463799,2.098428
3.830182,33.908825,1.593927
4.894562,33.741879,0.491112
12.662168,24.021775,-0.730904
23.304395,13.527470,-1.564387
30.352711,7.217898,-1.686630
28.429099,4.924664,-1.085519
19.570020,6.601348,-0.041999
11.449260,12.796267,1.002012
11.518953,21.605124,1.620297
23.697947,27.616392,1.563033
45.222185,26.601683,0.852839
63.923202,19.693571,-0.226337
66.030267,12.250377,-1.251874
48.869273,9.355339,-1.836053
26.026889,12.165461,-1.763358
14.044908,17.632207,-1.046034
19.857521,21.890948,0.091639
37.908661,23.886444,1.277186
52.442373,22.764262,2.093329
50.607680,18.023649,2.209852
36.406136,13.044734,1.513053
20.636431,10.860646,0.188906
10.470744,11.762502,-1.289655
6.951706,15.712483,-2.314069
7.536534,22.951784,-2.413334
9.812258,30.686777,-1.519700
13.159472,32.689782,-0.039883
19.326982,24.560994,1.349546
29.465757,12.305401,2.058259
39.755030,5.461646,1.857746
43.958106,7.930429,0.932766
40.725112,17.766150,-0.262718
32.765899,29.149593,-1.225124
21.700705,36.348224,-1.594773
10.361521,35.376004,-1.270002
3.444391,25.452039,-0.419508
6.101918,13.104455,0.599432
21.195710,5.841829,1.376933
43.944149,5.784224,1.593091
59.950009,11.227244,1.134343
56.401889,19.855090,0.152638
37.216202,29.870748,-0.972632
17.328446,38.051083,-1.782061
5.688534,37.437372,-1.933543
2.610551,26.682372,-1.345661
6.431867,14.504726,-0.221205
16.674170,8.454768,1.038307
32.183968,8.585147,1.977460
46.977044,10.119534,2.245849
51.848735,10.388298,1.726799
43.635443,11.567377,0.586191
28.107799,17.317536,-0.783344
13.850325,27.588441,-1.898165
6.936875,36.599854,-2.349242
8.949884,37.935763,-1.953196
18.226351,30.553896,-0.841483
30.606520,18.158708,0.567971
39.491525,6.179176,1.733377
39.778045,3.383998,2.216211
32.448387,17.790268,1.854595
22.496026,47.573839,0.808488
15.828350,74.575806,-0.516736
17.755697,76.191882,-1.622282
32.225193,54.046323,-2.095971
54.766073,28.635760,-1.764539
70.125354,12.349533,-0.755882
67.780461,6.986929,0.555762
51.963235,10.633011,1.688669
31.990015,21.527211,2.217807
14.975716,35.954064,1.921234
4.990575,45.081356,0.873663
4.704020,41.057538,-0.557279
17.429443,27.894515,-1.835415
43.746202,17.153015,-2.460264
73.703554,14.135275,-2.164229
89.400476,15.108720,-1.028124
81.261407,16.270997,0.525393
55.391040,17.962310,1.878399
27.125115,22.778047,2.477242
8.620058,31.149495,2.093104
0.824962,36.931066,0.928831
0.763459,33.405856,-0.498806
9.589507,23.365882,-1.618000
31.139387,14.588358,-2.042004
61.162198,11.358681,-1.685413
81.026161,14.830037,-0.749298
73.565475,25.351477,0.383188
47.240339,37.937408,1.293519
21.041525,41.234666,1.668158
5.784486,31.266238,1.390469
4.577408,17.645184,0.569205
16.964594,9.734291,-0.490110
37.332389,8.565003,-1.371053
52.884019,10.396465,-1.691258
53.050138,13.425794,-1.270113
40.348243,19.178247,-0.238261
24.340204,28.828150,0.981925
12.581023,39.013880,1.833556
6.501048,40.956127,1.869371
4.122970,30.776105,0.993636
5.643124,16.795967,-0.422034
14.585839,8.222043,-1.668352
33.355777,5.734658,-2.072698
55.350302,5.915660,-1.413951
63.621366,8.413037,-0.079024
49.382857,16.675986,1.175813
25.796884,32.491539,1.691524
9.811366,49.374673,1.271407
6.216507,55.364131,0.231996
11.787699,45.460707,-0.826518
23.200584,28.479241,-1.350024
37.015636,15.864616,-1.092459
45.851994,10.162567,-0.214855
43.243803,9.745581,0.810754
31.464704,16.559379,1.450941
18.733996,33.466885,1.385047
10.501518,54.307526,0.649357
6.622730,62.110113,-0.415723
6.143469,48.015312,-1.351917
11.158463,25.447480,-1.782393
24.303727,10.077940,-1.543101
42.905415,5.039932,-0.723882
55.508460,6.266510,0.377277
50.880416,11.104706,1.368829
33.603471,18.183196,1.905356
18.162888,23.695493,1.799022
11.609005,22.815496,1.074516
11.569455,16.382179,-0.034404
14.078135,9.367171,-1.148293
19.196701,5.013146,-1.864871
28.998221,4.222404,-1.909459
42.361909,7.067311,-1.250338
51.521118,12.871469,-0.127302
47.272287,19.806971,1.021242
30.962201,24.597665,1.720090
14.118350,23.836104,1.667316
5.007991,18.922367,0.901556
4.683069,15.061592,-0.189791
11.304389,14.920992,-1.064073
24.254026,16.501251,-1.316096
43.114353,16.637552,-0.885930
62.186604,15.394472,-0.063502
69.211962,15.598731,0.686439
57.291439,18.675803,0.966554
34.448046,23.347599,0.643180
15.371190,28.496766,-0.084670
9.775130,31.512256,-0.787107
19.745405,28.642936,-1.045142
40.220154,21.390837,-0.700039
58.016897,14.076316,0.056234
61.099853,8.585401,0.813136
50.852613,5.535628,1.192911
35.016426,5.650809,1.041909
21.003695,10.441537,0.460137
12.421421,20.209189,-0.297132
9.067346,30.807150,-0.946924
10.137031,34.883858,-1.267811
15.445967,28.615234,-1.143645
24.395481,18.130083,-0.585038
35.467546,10.523238,0.256327
46.231609,7.186630,1.095823
50.529646,8.527195,1.584547
42.640377,16.367702,1.453006
27.374693,30.690935,0.671556
13.962557,44.977808,-0.483683
5.916343,48.569129,-1.528973
3.354807,37.240625,-1.992011
8.321989,20.976184,-1.632015
23.507513,10.587333,-0.557579
46.128765,6.907755,0.800507
64.930263,6.268836,1.859041
68.556063,7.062289,2.146376
55.678085,10.572759,1.542782
35.155823,18.581475,0.349095
17.369821,28.975242,-0.876908
8.057370,35.780712,-1.616965
7.688339,34.873672,-1.636795
14.932701,28.416536,-1.054561
28.211249,20.860695,-0.234152
43.654183,13.249100,0.418658
54.935112,6.397687,0.662264
55.146410,4.277428,0.532674
43.001365,12.175234,0.292220
25.109769,31.636496,0.226220
10.456294,53.723529,0.418214
3.923510,62.202125,0.676373
8.009523,51.683690,0.680680
24.990326,32.695365,0.243071
51.936586,17.427899,-0.521550
75.847309,9.499611,-1.240399
81.671707,6.880371,-1.501965
65.564690,8.151873,-1.097356
39.017840,14.742516,-0.148929
17.455709,27.188680,0.927317
5.810126,40.384126,1.610112
2.557970,44.590149,1.539579
6.358831,35.671161,0.728463
17.229243,22.284569,-0.424800
34.318593,13.644098,-1.354527
50.868087,11.104853,-1.640699
55.131745,10.999176,-1.206944
45.363443,11.262371,-0.297192
30.909383,12.981826,0.701664
19.054820,17.966743,1.442759
11.702377,27.182215,1.713916
9.050517,37.599308,1.448785
12.004938,40.813586,0.708288
21.818819,33.193330,-0.329689
37.809916,20.925307,-1.379628
53.678890,11.910844,-2.096424
59.710412,8.785417,-2.186587
51.107916,9.631087,-1.544781
33.205293,13.404369,-0.329828
16.430943,20.964890,1.077229
7.453271,31.397985,2.209821
5.359407,38.905648,2.676703
7.417961,37.164012,2.291485
15.242521,28.191039,1.142181
33.377637,18.625918,-0.422020
60.979880,11.823315,-1.895465
84.486919,8.588391,-2.782024
83.375501,9.612349,-2.764593
56.094695,15.207629,-1.825665
24.551078,24.227799,-0.276619
5.035421,32.459007,1.339785
0.000000,35.558453,2.463083
3.190669,32.543691,2.747445
17.394469,24.921232,2.177380
44.079960,15.756897,1.011032
79.751179,8.349279,-0.375634
106.828092,4.801016,-1.621710
101.136326,6.739872,-2.433716
64.739891,16.429004,-2.593271
25.886717,33.476842,-1.989660
4.230569,48.975158,-0.702278
0.599643,49.555226,0.926258
8.602306,35.160930,2.334266
22.761102,18.825662,2.952445
37.344161,8.467109,2.488838
45.949708,4.319250,1.100610
45.078072,5.408420,-0.666269
36.582001,10.835468,-2.123542
24.215818,18.954525,-2.727565
12.619741,27.573093,-2.283409
6.493236,33.339126,-1.007280
7.704580,32.009766,0.569596
15.327398,24.181919,1.825344
26.341274,15.555428,2.302311
36.422642,9.811423,1.871000
41.705055,7.030403,0.745077
39.667343,8.011210,-0.622868
31.991450,15.235851,-1.706064
23.649884,27.209121,-2.086949
17.859265,35.171182,-1.615758
15.378917,31.669920,-0.481309
18.160510,20.961857,0.851043
27.264144,11.221967,1.818797
39.195925,6.896510,1.994485
46.811385,9.536372,1.288975
41.625324,17.930326,0.032151
25.159791,27.812794,-1.153866
10.855458,32.601224,-1.678604
12.306184,29.584394,-1.331001
33.475034,23.409940,-0.404253
62.559131,18.661814,0.509683
76.441433,15.755319,0.907552
64.887728,15.085671,0.663552
39.769769,19.246595,0.044883
18.640203,27.271530,-0.501990
9.804164,31.983049,-0.622112
12.181591,27.522820,-0.231024
23.102585,16.810289,0.458707
40.983114,7.610015,1.055710
58.888881,4.513154,1.196717
65.566696,6.882955,0.741400
55.718285,11.795889,-0.151985
35.239404,17.732168,-1.109059
17.912390,24.673909,-1.719244
10.334573,30.290135,-1.709958
10.138471,29.847131,-1.048123
12.402513,22.207750,0.046726
14.688123,12.436181,1.175861
17.972926,5.857895,1.908714
23.979761,4.442746,1.955822
30.336381,7.446542,1.290716
31.454162,13.544755,0.166295
25.218426,21.905114,-0.977508
16.424235,30.273299,-1.684859
10.565266,34.403840,-1.683313
9.495805,32.456520,-1.025130
13.666130,26.315242,-0.071047
24.376771,18.256790,0.707905
41.040734,11.096299,0.998155
56.908773,6.990377,0.799565
61.648839,6.382689,0.369899
50.240341,9.534462,0.018872
30.475107,17.140433,-0.091959
14.924267,27.894136,-0.020567
8.717609,36.786034,0.033229
9.931509,37.302153,-0.108886
17.169689,28.401855,-0.452545
30.955966,16.470032,-0.786808
48.012972,8.324247,-0.800250
59.673990,5.601215,-0.313096
57.722269,7.261060,0.530534
42.068662,12.425239,1.286366
23.652223,20.598631,1.482862
12.778686,30.275512,0.957551
11.660210,36.962613,-0.016305
17.977142,34.959675,-0.925245
28.452952,24.759664,-1.368466
38.479370,13.698438,-1.275832
43.485836,8.066491,-0.842957
41.453401,9.371543,-0.298083
32.187533,15.422307,0.258633
20.384781,22.859838,0.813002
11.236771,27.557447,1.279368
6.500542,26.451292,1.431553
6.577338,20.965819,1.036746
12.286670,15.422897,0.096023
23.863534,11.912004,-1.036470
38.863647,9.532080,-1.799487
52.488440,7.614830,-1.752618
58.641440,8.309032,-0.851546
52.537230,16.121929,0.508783
37.850041,32.995104,1.686586
23.135812,53.416011,2.099988
13.110902,64.428239,1.507747
9.279401,56.063972,0.146649
12.422433,34.180063,-1.355766
22.216326,14.642724,-2.281436
35.486292,6.203340,-2.185053
45.322482,8.332337,-1.109250
44.972370,17.285847,0.459974
34.973380,30.004667,1.838057
20.562976,43.519893,2.441153
8.452767,50.615320,2.022501
4.278554,44.448278,0.776263
12.825359,29.291965,-0.738758
36.113711,14.819063,-1.850044
66.748251,6.657654,-2.088127
85.727947,5.924543,-1.401049
77.582684,12.470913,-0.160949
47.729557,24.947505,1.018984
18.974377,37.205835,1.565112
8.556060,39.213102,1.216766
19.431154,29.418405,0.178485
42.671998,17.194580,-0.956155
61.201752,9.125365,-1.517495
61.369645,7.613876,-1.146771
44.284088,15.007350,-0.008612
23.170098,31.382905,1.306351
9.778344,48.884214,2.106007
5.146146,53.532809,1.942307
5.276246,40.891578,0.814504
8.764993,21.447406,-0.828365
17.340862,7.714646,-2.275835
30.631837,3.853742,-2.871950
43.146713,6.766921,-2.321968
46.965583,12.069603,-0.826292
38.363756,17.351782,1.026817
23.303782,21.083106,2.526231
10.219014,21.617521,3.112439
3.873291,18.560183,2.566045
7.727581,13.439509,1.080997
23.895680,9.146676,-0.793362
48.550204,8.270021,-2.344594
70.590410,10.963022,-2.969120
78.638432,16.233532,-2.417466
68.513037,23.891639,-0.916376
47.678478,33.304850,0.887104
28.159678,41.975050,2.176581
15.478758,43.363097,2.353764
9.170287,34.602543,1.376863
8.827285,22.428735,-0.188428
16.105482,13.713769,-1.488168
32.181035,9.677603,-1.873379
54.040495,8.237308,-1.233427
72.083603,8.468870,0.020806
74.595400,11.231443,1.243043
60.106845,17.478747,1.882277
38.447977,25.436514,1.690240
19.632701,31.221486,0.766968
9.135943,32.538621,-0.518847
8.024037,29.282676,-1.680301
15.779604,22.146424,-2.277987
30.541386,13.690994,-2.057691
47.045335,7.458034,-1.040658
58.499775,6.115324,0.450492
59.025110,10.869622,1.867334
46.440730,21.523287,2.631539
27.222846,36.098360,2.387643
11.373824,49.358803,1.182366
4.038663,52.078965,-0.528178
6.060899,40.134902,-2.046540
16.861137,21.561656,-2.713125
34.869112,7.826865,-2.204565
56.228485,3.317384,-0.725177
73.543397,5.651093,1.043893
76.389040,11.085375,2.267877
60.004177,18.043906,2.390544
34.214494,26.911462,1.410188
12.942623,36.173105,-0.155969
2.934540,41.042319,-1.558936
4.328717,37.791052,-2.174092
15.355045,27.844999,-1.767131
33.732154,17.694073,-0.580745
55.662922,11.465173,0.793033
72.383770,10.098014,1.712265
70.441594,13.330499,1.805563
49.132399,19.757857,1.126037
23.772646,25.853440,0.061538
9.631127,27.916768,-0.904582
11.842975,25.845713,-1.414772
26.724777,21.992276,-1.340359
45.001629,18.705233,-0.772122
54.628735,16.189559,0.048667
48.570186,14.185459,0.816882
31.001270,15.397887,1.249648
14.554099,21.930808,1.168303
8.507534,29.322364,0.571681
13.391560,28.976982,-0.326724
23.469195,19.073453,-1.146902
30.514246,10.486513,-1.495701
28.885455,15.899845,-1.163691
21.559400,36.551557,-0.248040
17.157138,57.886008,0.876872
21.926174,60.980259,1.720903
35.214389,44.770623,1.887738
48.691257,24.261954,1.249822
52.232820,10.979193,0.025051
46.807439,6.708373,-1.292466
39.057079,9.515546,-2.143355
30.267500,17.274071,-2.160297
20.325419,27.417642,-1.330148
12.114156,35.660153,0.017609
8.574863,37.922503,1.362208
11.587697,33.153347,2.194753
22.743921,23.662355,2.202156
40.254017,14.506629,1.382282
55.485542,8.942798,0.046412
59.109849,7.054803,-1.301999
50.622086,9.051063,-2.160550
38.146518,16.564575,-2.209356
26.653927,29.635837,-1.421817
17.597372,42.192030,-0.080402
12.410482,44.518174,1.314629
11.609710,34.031752,2.231364
16.547243,20.070124,2.318281
26.648635,10.152343,1.540075
36.313915,5.010687,0.179308
39.381510,3.534601,-1.274926
35.194275,6.198700,-2.295086
27.036700,15.052936,-2.494580
18.985107,30.647011,-1.773486
12.938065,47.771920,-0.372513
8.787414,55.882733,1.200193
7.552318,48.244620,2.346047
13.734168,30.468677,2.595690
30.523825,14.240838,1.807218
52.819594,6.001750,0.268712
66.374366,4.798776,-1.378290
59.154309,8.702163,-2.412073
37.600342,18.008848,-2.378902
17.824192,31.834289,-1.313083
7.204755,44.552458,0.293782
4.299859,46.846041,1.731529
8.104779,36.739701,2.380622
21.946356,21.596005,1.967737
46.845678,9.890364,0.682859
72.878314,5.388327,-0.899133
82.471719,7.638693,-2.081197
67.852102,15.506957,-2.367331
40.716649,27.279298,-1.670190
18.931904,38.010547,-0.308556
9.287902,40.439541,1.162444
8.836592,32.481905,2.180084
13.428927,20.783576,2.375627
21.194150,12.484676,1.695460
31.361711,8.893932,0.404230
41.901048,7.290893,-1.030294
47.208857,6.624713,-2.112591
42.590899,9.285308,-2.477700
30.590367,17.627083,-1.992142
19.115762,30.578721,-0.793146
12.653115,41.600778,0.739213
12.075464,42.601623,2.085419
18.243311,32.815167,2.748543
32.311058,20.106180,2.430320
49.249276,10.931465,1.169707
57.156778,6.192172,-0.614334
50.716481,4.960541,-2.237210
36.444633,7.548990,-3.024347
23.123201,15.548310,-2.630222
14.283740,28.533836,-1.211602
9.378342,40.887392,0.651257
8.533468,43.372751,2.222195
13.533715,34.038925,2.910044
25.131280,21.220845,2.482012
39.198367,12.019992,1.136464
48.256188,8.232331,-0.582992
46.754356,9.105002,-2.009918
35.221111,13.633453,-2.622567
20.279503,20.173230,-2.233114
8.092208,25.609233,-1.029760
2.657904,26.716588,0.514089
7.433714,23.396834,1.815095
23.692028,19.269981,2.391330
46.241732,16.984362,2.044004
63.107569,14.860516,0.929415
67.229753,11.732888,-0.514824
60.343694,12.785935,-1.744287
45.232532,23.670135,-2.301239
28.540968,41.791803,-1.970023
16.898047,54.247814,-0.861534
11.691573,50.199979,0.608243
11.547660,33.384879,1.862138
15.784212,15.538754,2.384411
26.299737,5.388658,1.931757
46.173516,5.351344,0.651563
72.519375,13.005645,-0.941486
89.939590,23.918374,-2.152689
81.243518,33.405521,-2.420975
51.030174,39.919220,-1.615347
21.887026,43.425789,-0.120935
7.048647,40.949274,1.364660
6.920089,31.330183,2.195494
16.785401,18.618062,2.069448
31.003565,9.006548,1.107440
42.778827,6.025881,-0.256674
44.289387,9.834024,-1.472772
33.816859,18.765654,-2.074890
19.130113,29.624922,-1.837074
8.467989,36.060521,-0.848934
4.078648,32.856179,0.509183
4.398439,23.648319,1.687907
8.752038,16.021913,2.169227
19.062030,12.017593,1.701769
36.549104,10.133270,0.467779
56.559226,9.983017,-0.954066
67.942380,11.728976,-1.873278
63.147610,15.121536,-1.871979
45.659212,19.690950,-1.033169
25.294512,25.583071,0.138402
10.882924,32.167882,1.028224
4.014192,36.042418,1.244812
3.245742,33.946809,0.796536
10.072182,27.245375,0.051999
28.047026,19.810300,-0.482876
56.220749,13.793729,-0.469117
80.793772,10.333106,0.043621
81.979530,9.889446,0.637658
60.520608,13.416730,0.811318
34.943399,22.195967,0.341614
17.645505,34.559389,-0.545355
10.515056,42.693898,-1.325026
10.965515,38.999103,-1.520580
17.412335,26.589544,-0.986345
29.665317,13.660234,0.040440
44.963626,6.462340,1.097715
56.324153,6.758020,1.733094
56.024074,12.938747,1.694101
41.730876,21.793052,1.012775
22.478747,30.363531,-0.030682
9.310505,36.863737,-1.039019
6.109647,38.397173,-1.656895
11.542804,32.390222,-1.686658
22.775765,22.433322,-1.132501
35.222852,13.533586,-0.185926
43.492785,8.210593,0.831671
42.889513,8.198049,1.564025
32.777082,14.324593,1.736246
18.744511,25.589680,1.256640
7.802536,38.040371,0.268673
4.005324,43.327409,-0.871239
8.793453,35.590351,-1.705591
22.062472,20.640470,-1.862714
40.443153,8.867223,-1.241766
57.548356,8.055489,-0.082603
63.404091,20.625514,1.136218
49.791953,40.517240,1.913413
26.857798,53.647567,1.934069
14.005988,48.732215,1.184714
22.479160,31.921677,-0.047749
49.265839,16.815002,-1.283252
76.070049,9.823329,-2.033715
80.084659,10.464496,-2.000374
58.044378,16.472212,-1.194294
28.697921,25.638777,0.071857
8.370313,32.808430,1.305150
1.881272,30.796430,2.016862
6.897098,20.098612,1.917180
19.146991,10.099577,1.051785
33.489115,7.954145,-0.200666
42.719930,14.643148,-1.297770
40.388842,26.011528,-1.788005
28.387906,36.222811,-1.508253
16.633773,40.072676,-0.630854
12.818679,34.728242,0.434940
18.541392,25.016194,1.225830
30.536366,17.033896,1.421414
41.204354,11.662652,0.980018
42.624146,9.016103,0.144441
36.182475,12.636297,-0.692185
29.549630,24.585272,-1.180358
25.326622,39.966637,-1.153660
21.635767,48.095561,-0.657064
17.667672,43.488392,0.108639
14.846832,32.397928,0.868681
15.975854,21.715560,1.350361
22.028823,14.238629,1.352149
30.207249,10.402023,0.810923
37.062772,10.012604,-0.142760
39.472273,14.398425,-1.177580
34.508162,26.024343,-1.851470
24.454990,45.546685,-1.806157
14.392978,64.556295,-0.979260
8.116062,67.274359,0.313233
8.977558,49.895760,1.507618
20.220537,26.135318,2.069307
41.435084,10.737767,1.752635
63.274756,6.902194,0.713368
70.176233,10.309969,-0.561556
56.115732,16.423947,-1.474615
33.312197,22.659826,-1.609860
16.370552,27.021104,-0.960633
8.683538,28.236887,0.057493
7.070228,27.211876,0.849678
10.368125,24.143900,0.996806
20.143439,18.639706,0.487125
35.114802,12.302167,-0.312902
47.897836,8.418450,-0.896277
48.685590,9.157479,-0.898780
36.771010,14.601587,-0.285833
21.936507,22.527637,0.626365
11.103768,28.368856,1.325767
5.601777,28.985574,1.381117
6.422313,24.917819,0.701643
15.021399,17.803518,-0.388850
30.171293,10.259810,-1.329481
45.071387,5.995525,-1.639268
49.259863,8.722991,-1.168929
39.253503,20.360171,-0.154487
23.093658,38.032934,0.917500
10.238318,51.919344,1.540713
4.442156,51.519028,1.417896
6.890952,37.719315,0.600097
18.528996,20.987400,-0.534238
37.388220,10.484167,-1.463429
56.311685,8.572517,-1.771947
66.157829,12.733934,-1.325413
61.548528,18.690581,-0.296654
43.515788,24.385098,0.930235
21.697450,30.736166,1.907613
6.072522,35.679324,2.271824
0.000000,34.884675,1.859144
2.486430,26.947845,0.761370
17.218009,15.374094,-0.695443
43.407492,7.139267,-2.040934
70.769258,6.016159,-2.800024
82.006855,11.949526,-2.658672
66.911723,23.718602,-1.604250
37.867885,37.918757,0.037630
14.077390,46.378426,1.711405
3.224882,41.445608,2.837993
5.174873,27.538275,3.022085
18.405766,15.443766,2.188658
39.247955,9.462781,0.617983
57.542490,8.877709,-1.138796
61.878064,11.470735,-2.456476
51.049824,15.564699,-2.874843
33.001142,20.460185,-2.270088
17.316233,25.145578,-0.888549
8.743731,29.334202,0.752102
7.280679,32.907733,2.050275
11.654767,33.163622,2.542357
20.517053,27.656216,2.081555
31.512037,18.759731,0.885756
41.012269,11.087030,-0.574308
45.012492,7.817299,-1.776350
41.384203,9.626784,-2.327098
32.342166,15.141460,-2.062110
22.619637,22.333581,-1.070602
15.283513,28.877219,0.332984
11.556137,31.914453,1.684646
11.807483,30.248998,2.493472
15.644959,25.025498,2.402176
23.002477,18.223928,1.354146
34.045277,12.402574,-0.308769
46.755035,9.564171,-1.920548
53.504789,10.423827,-2.769897
46.260517,15.408381,-2.458191
29.130430,24.097672,-1.114711
13.460292,33.671646,0.666187
5.421111,39.175395,2.111189
4.107537,37.272441,2.610678
5.989877,29.851278,1.973102
9.876688,21.150279,0.507692
18.963164,13.673080,-1.106698
37.553631,9.449975,-2.138503
61.573443,9.735098,-2.160850
73.981351,12.817768,-1.246254
62.350093,16.131487,0.109758
38.514711,20.094661,1.267627
20.472832,27.115674,1.755068
13.219638,35.945979,1.465319
12.460947,41.110434,0.671435
15.604699,37.248925,-0.149094
23.323220,24.703055,-0.605475
35.775634,11.747306,-0.632409
49.063162,5.886029,-0.496268
55.127927,8.368782,-0.537884
47.139821,15.230475,-0.844987
29.210020,22.288164,-1.135492
13.997465,28.666469,-0.971335
8.715765,33.868666,-0.137610
11.866702,34.865834,1.126025
18.856780,29.735968,2.227557
27.381082,19.929226,2.569614
35.707862,11.170932,1.887214
38.683561,9.010389,0.382026
32.858680,16.206183,-1.373877
21.930227,29.676185,-2.683822
12.887675,39.201750,-3.017192
11.166224,35.981421,-2.234285
20.707217,24.223432,-0.643276
40.943816,14.512960,1.140013
61.859043,10.931218,2.450077
67.417270,10.603869,2.821867
54.245688,11.090864,2.149040
36.382287,13.356781,0.717728
23.440802,20.466004,-0.899786
15.661625,32.812034,-2.074793
11.455774,44.550373,-2.384058
9.671763,48.601207,-1.770970
11.538932,43.713152,-0.533486
20.723690,32.398668,0.825032
38.648241,20.261776,1.793900
58.736762,12.898973,2.032298
68.385126,11.998148,1.480843
62.172311,16.663939,0.372179
43.533513,24.710784,-0.865967
22.292295,31.271412,-1.771672
8.890190,31.488943,-2.007766
9.038869,24.573580,-1.474300
21.371455,15.551297,-0.351327
37.695009,10.997703,0.950319
46.502329,13.442720,1.934110
41.006025,22.154866,2.209338
26.946970,33.332787,1.644180
14.311101,40.914158,0.420924
8.235162,41.685345,-1.016522
8.782462,36.927959,-2.110115
13.618528,28.256808,-2.401871
20.538769,19.640491,-1.740578
28.353266,13.513226,-0.371374
36.366908,10.396178,1.155263
41.418546,11.443124,2.212682
38.995934,17.050241,2.356779
29.812444,25.892544,1.515850
20.776828,36.234841,0.043098
15.638143,45.095791,-1.414104
13.096692,48.616939,-2.207887
11.895714,44.561048,-2.009370
14.197123,32.484721,-0.961390
23.203375,18.458288,0.427157
37.118871,9.945694,1.556193
46.691396,8.874202,1.999835
43.989961,12.227879,1.642225
31.416216,16.131662,0.671303
17.545874,19.674748,-0.526031
8.589877,24.626223,-1.515790
6.760555,31.302854,-1.962616
14.038374,35.535798,-1.723969
31.390920,31.842337,-0.877995
53.049359,21.639676,0.303361
65.917785,12.302492,1.427709
61.622660,9.217142,2.100150
45.135410,13.384947,2.060848
27.338453,21.607658,1.288967
15.285035,27.681910,0.027756
9.612058,27.534004,-1.281356
8.505401,23.137291,-2.145177
10.649547,18.302215,-2.213889
15.790662,14.598442,-1.449121
23.726301,12.138468,-0.162895
33.149742,11.599169,1.117318
41.234633,12.562537,1.887143
44.273066,12.363766,1.875202
40.711018,10.607491,1.134672
32.962038,12.295966,0.005236
25.585827,21.594483,-1.026931
20.762273,35.456547,-1.529114
16.148749,44.630148,-1.309522
12.004269,42.146910,-0.500896
12.824261,29.993704,0.506420
21.407119,16.248925,1.243508
34.067381,7.664199,1.366281
42.632504,6.039881,0.805378
43.091233,9.918391,-0.191171
36.981292,17.320013,-1.156396
27.453219,27.759387,-1.625095
17.763921,39.224603,-1.370211
10.961279,46.000916,-0.510462
7.995116,44.805355,0.574119
8.802108,35.804835,1.444144
14.704547,21.222753,1.784509
27.087112,7.954696,1.490646
43.212017,0.787964,0.666896
55.916647,0.912404,-0.420749
58.422945,9.235308,-1.414449
48.654747,26.085360,-1.956274
31.023493,46.617167,-1.803488
14.368360,57.649024,-0.947262
4.890761,47.904995,0.325944
4.547044,25.736936,1.508937
13.563926,7.597536,2.097794
29.942298,1.618099,1.851483
46.096232,6.201553,0.910684
51.420219,15.222880,-0.306233
43.220017,22.945158,-1.338747
28.239997,26.133252,-1.878270
14.974890,24.391639,-1.822909
8.241847,19.776500,-1.227410
7.669726,15.624021,-0.243604
10.590239,14.632334,0.893764
14.422905,17.055620,1.862899
17.460808,20.035300,2.305356
20.329750,18.987769,1.967094
25.235062,13.998268,0.866248
32.626617,10.025071,-0.644437
36.831234,10.556296,-2.000085
32.332613,14.993888,-2.671854
22.498158,20.526459,-2.393834
13.517036,25.664182,-1.260297
7.569843,30.485440,0.320644
4.995202,33.704543,1.778408
8.927010,32.320399,2.586652
24.083132,24.492778,2.458171
49.755293,14.746140,1.450185
72.984978,8.781508,-0.060490
77.472506,9.312701,-1.512002
61.195841,17.044285,-2.354078
37.175641,30.307555,-2.257422
19.671743,43.101357,-1.264836
11.396127,46.595296,0.205439
9.628682,39.058840,1.537188
14.467265,28.175763,2.190411
27.225403,18.042722,1.924416
45.173051,9.366026,0.873717
59.798925,4.336730,-0.523775
61.957088,5.590252,-1.699662
48.341350,14.442415,-2.175834
27.804057,29.224376,-1.760598
12.883572,44.301965,-0.631535
8.502286,49.664936,0.741305
12.256335,39.779907,1.793371
20.535441,22.303520,2.096057
32.276368,8.189890,1.537769
46.321634,2.359991,0.388709
58.850491,4.465038,-0.805764
61.606656,13.020220,-1.493060
48.349066,26.316978,-1.411100
27.224088,41.033542,-0.722811
11.394512,49.094118,0.108206
5.317620,42.491486,0.609167
6.295086,25.954827,0.560507
10.690753,11.171143,0.086211
16.511482,4.579487,-0.444788
23.009948,5.857138,-0.635519
29.170903,12.595428,-0.293571
31.393201,22.744351,0.435367
26.830648,33.127716,1.127769
18.347586,37.870357,1.333439
10.462198,32.876369,0.870164
5.551234,22.188932,-0.047284
5.214718,13.289209,-0.942180
11.280192,9.356103,-1.372008
24.773752,9.115849,-1.174878
43.465209,10.478340,-0.523766
58.665621,13.038483,0.203896
59.389211,17.694809,0.639808
45.102015,25.518638,0.613020
26.606058,36.085692,0.230982
13.218253,45.165689,-0.191516
7.491838,47.641071,-0.330373
10.186475,42.722344,-0.062959
21.985787,31.868576,0.451100
40.193927,19.699270,0.876731
56.117834,11.574174,0.916668
59.508203,8.629091,0.482253
47.130135,9.667428,-0.271745
28.999006,14.529580,-1.035319
15.837849,23.540449,-1.484005
9.198206,33.089880,-1.409819
5.490398,35.233888,-0.803086
3.576819,26.743677,0.140729
7.120040,13.877564,1.091914
22.478780,4.867784,1.704020
51.290891,3.017380,1.733626
80.849590,7.026227,1.131622
87.312921,14.054480,0.082506
64.536666,21.443677,-1.038140
32.919211,26.497520,-1.798415
11.518260,27.421419,-1.889416
3.817174,24.325049,-1.260124
4.943487,19.402264,-0.143527
9.919397,14.222194,1.029640
16.804300,9.930528,1.794713
25.649516,8.423693,1.843807
34.439152,10.127553,1.168979
37.354114,14.283446,0.073949
32.116699,20.413545,-0.971335
22.914553,27.166861,-1.554364
16.232286,31.846803,-1.491963
17.343064,33.087431,-0.873658
26.400507,29.803794,0.008919
37.359460,22.258141,0.790082
42.695370,13.951415,1.168099
42.889953,9.379813,1.015559
45.362754,10.562344,0.425081
49.558323,15.265327,-0.328611
48.151942,19.685304,-0.895797
38.679928,23.517172,-0.993228
25.575944,30.571121,-0.538326
15.105611,41.858824,0.280621
11.414283,49.047901,1.060926
16.078644,42.362149,1.378053
29.273423,25.622685,1.020299
47.421496,10.533363,0.115243
61.013470,5.202365,-0.935831
59.792743,11.099384,-1.663644
42.197305,24.212349,-1.747335
20.977264,36.552749,-1.141337
8.199815,39.456545,-0.081830
6.658707,31.799885,1.015533
14.005613,21.393013,1.728939
26.463771,14.318125,1.803188
38.197839,11.272274,1.240325
41.469124,10.708217,0.274849
33.010762,12.926235,-0.731684
19.497550,20.401271,-1.419668
12.008274,31.123894,-1.549075
16.841569,37.662469,-1.083958
32.969523,34.435224,-0.214321
51.873131,22.562484,0.705567
62.903925,9.939931,1.287631
64.584041,4.582603,1.265034
60.680178,10.698610,0.619542
48.886366,27.385184,-0.375963
29.543554,46.461820,-1.251140
12.083224,54.539704,-1.560392
6.691460,44.405434,-1.123456
19.264303,24.888279,-0.126893
46.921426,10.572843,0.985064
75.231507,6.668353,1.746452
86.441167,10.315767,1.872974
73.421801,17.274503,1.336472
45.606560,24.803797,0.325793
20.773243,31.005565,-0.840164
7.958074,33.177731,-1.802210
6.501129,29.397744,-2.244168
14.157708,21.083562,-1.976411
28.737542,11.821057,-1.017446
43.478022,5.329969,0.360967
49.128199,5.004246,1.685573
43.414745,13.933886,2.454616
30.256001,31.832690,2.360715
16.563612,49.834037,1.432219
7.526152,53.826919,0.013330
5.400100,40.888448,-1.385958
11.928913,22.936829,-2.280721
27.224716,9.536576,-2.372097
44.944294,3.192929,-1.640559
53.146749,5.865309,-0.347184
47.422990,20.544446,1.059537
33.769067,45.206991,2.095856
21.355557,65.838548,2.400630
13.883710,64.823790,1.857973
9.828965,44.774122,0.651192
9.070412,22.805510,-0.788686
14.491376,9.327158,-1.944969
27.783429,5.199148,-2.420591
44.675062,6.897739,-2.079592
55.850300,11.518391,-1.065331
56.308299,17.859043,0.280092
45.389033,24.062715,1.535312
27.803121,27.257371,2.317764
13.359862,26.694978,2.382405
7.053099,25.075223,1.688225
8.107466,23.558147,0.422578
14.480553,20.030488,-1.026876
24.746509,14.381983,-2.170280
36.886019,9.583790,-2.584976
45.802791,9.609658,-2.098458
44.380851,16.756462,-0.881894
32.609837,28.778574,0.610459
19.286541,38.533651,1.824631
12.883930,39.006888,2.322845
17.760573,30.678157,1.951598
32.317667,20.200572,0.907326
48.367895,12.456364,-0.340094
56.411357,8.869635,-1.259288
52.501275,9.335116,-1.509998
39.807478,13.650078,-1.093789
24.754606,21.944170,-0.321386
13.160346,33.219036,0.366315
7.058217,43.412273,0.618235
6.180391,44.375838,0.338077
9.935788,33.736625,-0.268599
18.024789,19.204877,-0.796705
29.546002,9.123230,-0.864045
41.315077,6.186890,-0.337916
47.212833,8.522799,0.580024
42.090568,13.082002,1.467883
29.840577,17.708993,1.909818
18.669177,21.813708,1.683387
12.587460,26.405987,0.822200
10.565702,31.238514,-0.425614
10.577790,32.742916,-1.682013
12.085121,27.488165,-2.535106
16.720611,18.225289,-2.647925
26.253923,11.334520,-1.879953
39.897599,9.972079,-0.393249
51.240240,13.403204,1.324357
52.122364,19.510315,2.598964
40.796893,25.711202,2.876207
24.165161,28.270225,2.041526
12.456968,25.626114,0.520981
9.912780,21.490760,-0.946797
12.654299,19.817107,-1.724959
15.263516,20.131879,-1.598635
18.402014,19.234163,-0.820157
27.412957,14.926542,0.090443
42.297076,10.230059,0.634166
52.639588,11.096945,0.565802
48.177427,20.370411,-0.012580
31.731868,34.433772,-0.725807
15.184404,44.395351,-1.132295
8.029959,42.989862,-0.955735
13.458988,31.649806,-0.214313
27.453703,18.278146,0.808767
39.636544,9.091444,1.706462
40.879609,5.551267,2.111600
33.031279,6.860854,1.824127
24.150774,12.716844,0.879783
18.570222,22.343262,-0.453706
15.630317,31.325633,-1.757488
14.630624,33.663931,-2.594881
15.896009,27.638178,-2.653495
18.755543,17.599062,-1.859365
21.372164,9.662194,-0.429889
22.031551,6.070014,1.173660
20.586406,6.427307,2.404795
19.937643,10.341524,2.841091
22.135475,16.583885,2.341404
24.872000,21.569551,1.087137
25.071155,22.585363,-0.486814
21.459552,23.138767,-1.836946
15.181517,27.481738,-2.496841
10.051017,32.903904,-2.249317
10.398030,33.386410,-1.211119
19.884045,26.999983,0.212855
37.557033,17.406562,1.482665
52.097113,9.832254,2.122268
50.459281,6.919186,1.902147
36.168537,8.510080,0.940935
22.272960,13.141717,-0.337725
15.222803,18.561687,-1.399594
13.915661,22.205514,-1.848143
14.317759,22.687549,-1.580368
13.108420,19.943536,-0.775109
12.354282,15.587006,0.238063
18.036401,11.495643,1.124654
33.664159,8.845790,1.637516
55.834988,8.867590,1.650520
73.346384,12.132950,1.161176
73.788721,16.811839,0.287484
55.703479,19.034650,-0.738759
32.294810,18.267914,-1.605975
15.379700,20.190988,-2.006856
7.160233,28.124336,-1.755182
5.505905,36.954957,-0.878242
10.393209,36.846029,0.366503
25.129794,26.942695,1.562189
49.482742,17.308376,2.271455
72.794667,14.780975,2.205441
79.351141,17.729510,1.357300
65.761067,20.927577,0.022394
43.585376,22.037405,-1.321849
27.109648,23.566476,-2.211787
20.712452,26.817085,-2.362468
19.441313,27.524448,-1.740384
18.679296,22.243317,-0.551191
19.903961,15.301048,0.828131
25.939546,11.901154,1.954299
35.013720,12.782085,2.443779
41.605686,15.107456,2.095906
41.315789,15.940005,0.984796
34.470345,15.667387,-0.519635
24.692567,18.072535,-1.850698
15.832542,25.451861,-2.470089
11.061944,33.245317,-2.123908
12.242107,33.512322,-0.972603
20.987131,25.426129,0.492753
35.470065,14.887556,1.687977
47.857531,7.590287,2.183625
51.523340,5.439792,1.853539
46.986651,7.457257,0.890470
36.154099,11.761932,-0.298153
22.487036,16.692499,-1.270674
11.757451,21.495923,-1.727523
6.030336,24.707051,-1.597257
5.280504,23.627237,-1.005219
11.197738,18.139944,-0.176330
25.171482,11.596601,0.652682
42.435444,6.522654,1.276381
51.713680,4.430961,1.534778
47.580024,6.695707,1.333399
35.711977,14.130835,0.686185
22.556223,25.048627,-0.241888
11.662154,34.028476,-1.145239
6.022138,35.419265,-1.674342
7.640502,28.034025,-1.586234
16.557473,16.656705,-0.867057
29.822953,8.636466,0.239486
42.085390,6.660132,1.309635
47.556747,8.745562,1.896565
41.862604,13.266120,1.720090
28.321836,20.076909,0.812934
16.035008,28.685561,-0.466172
9.860162,35.420894,-1.585223
8.785171,34.293807,-2.081495
10.192997,25.174359,-1.759094
13.264393,14.387389,-0.752618
18.849420,7.252277,0.543479
27.239966,5.224754,1.633047
37.553362,7.906410,2.108884
45.642547,14.328447,1.808854
44.039868,21.926134,0.867775
31.366982,28.457646,-0.356734
16.512948,35.035605,-1.433018
8.436529,41.755826,-2.001517
10.143478,44.544342,-1.876111
19.411825,37.491554,-1.094680
31.416497,22.632123,0.085544
39.730270,9.277727,1.256307
40.303807,5.289742,1.982909
36.241823,13.309344,1.957907
29.744614,29.190455,1.142993
21.690697,42.907612,-0.164260
17.319277,45.233207,-1.412341
21.288000,35.453287,-2.038560
32.239767,21.538872,-1.758761
45.930520,12.361134,-0.719826
57.379885,10.421812,0.586341
58.261581,13.740224,1.579563
44.583840,20.935801,1.856541
25.116420,30.290728,1.341501
10.682644,36.407996,0.288568
4.977279,34.320540,-0.843365
7.150452,25.825689,-1.592255
17.645656,16.229527,-1.685339
36.381976,10.051865,-1.130544
57.367783,8.705872,-0.174437
68.290647,11.999839,0.823545
59.947845,18.339511,1.523132
39.142793,24.304526,1.698467
21.552085,26.363354,1.291048
14.526858,27.406744,0.422155
13.838414,36.496111,-0.636577
12.660972,51.541248,-1.532166
11.830810,55.925623,-1.933157
18.717843,42.988934,-1.651830
37.079374,24.917795,-0.742945
58.601359,14.203062,0.485660
68.015155,13.510242,1.581861
58.212970,21.244406,2.130592
35.872440,35.905564,1.915620
15.666168,50.520931,0.997462
7.480614,53.819896,-0.304678
11.601789,42.656351,-1.516981
22.767369,24.727778,-2.180820
34.114808,10.096749,-2.034727
40.960948,3.151578,-1.127158
40.788052,4.544540,0.194840
32.300031,13.665086,1.414162
20.512452,27.159238,2.042522
12.802683,37.254540,1.828040
12.006886,36.859204,0.886676
16.583145,28.250972,-0.334419
24.361273,19.174003,-1.278428
33.808479,15.579116,-1.566406
42.668920,17.119416,-1.167433
49.041752,18.146472,-0.356873
51.520096,16.053486,0.472476
47.360296,17.758722,1.002751
36.659960,31.818795,1.089493
24.469424,57.895411,0.760155
16.360804,82.927445,0.159010
14.527953,88.255228,-0.514483
19.064998,68.369813,-1.051549
28.551585,37.471021,-1.269484
40.094003,14.669677,-1.054019
49.874796,5.787120,-0.410576
52.823671,8.559950,0.502101
45.647037,21.556229,1.390225
30.976239,40.937589,1.907095
16.189399,55.943983,1.781998
6.138290,55.531336,0.956514
2.166667,42.314047,-0.335087
7.568339,26.166173,-1.613681
27.503616,13.616862,-2.350442
60.743056,7.239583,-2.220818
91.610649,8.461899,-1.266096
97.013759,19.068346,0.129492
70.851181,36.939768,1.414802
34.502940,51.666451,2.100781
9.524370,51.643106,1.953428
0.715443,39.137600,1.087968
3.032114,27.015655,-0.082520
11.858074,21.106996,-1.040945
25.970698,19.333748,-1.412117
43.739190,18.654954,-1.125868
58.953171,18.589555,-0.417451
64.370243,20.213510,0.312722
56.330043,22.949673,0.698545
38.202781,24.985122,0.583272
19.479024,24.411647,0.097832
7.967117,23.017308,-0.410651
6.439869,24.432262,-0.586643
15.292162,27.274104,-0.294475
33.516541,26.562481,0.290957
54.427134,20.882386,0.800554
65.282068,14.420728,0.907676
57.578263,13.107366,0.518171
38.077124,18.549065,-0.193582
20.287476,27.082702,-0.889894
10.771417,35.382276,-1.235290
8.538963,46.865423,-1.046564
10.179373,62.693068,-0.376614
13.728984,69.436118,0.501242
19.636897,55.547263,1.209413
27.966830,29.460030,1.432271
35.085988,8.329103,1.054579
36.356929,0.583383,0.216370
30.427943,6.242331,-0.731663
20.709927,21.685611,-1.364974
12.782214,40.308789,-1.380337
10.249971,52.052323,-0.764107
13.045929,50.266237,0.178539
20.368108,37.429088,0.978161
31.225650,21.183465,1.252863
41.236346,9.531468,0.899208
45.134480,5.059681,0.120555
43.311764,6.664337,-0.693023
39.772395,12.796267,-1.151596
33.693115,22.106240,-1.037814
23.949840,32.794101,-0.402115
14.480515,38.899699,0.462976
9.475058,34.492653,1.165003
10.324804,22.440444,1.396266
16.374686,11.757853,1.060095
25.637160,6.847328,0.287048
36.313887,6.586427,-0.636850
44.959963,9.788188,-1.378550
45.206595,17.006318,-1.667339
34.592611,29.423058,-1.383296
19.262348,46.401627,-0.601671
7.901467,60.624940,0.423031
4.679258,61.471069,1.331005
9.679313,46.673106,1.775887
21.166652,25.962523,1.564975
35.614009,10.987808,0.767583
47.249860,5.227202,-0.284742
49.666886,6.263143,-1.139756
39.851119,11.614133,-1.442403
25.243302,21.653043,-1.102491
15.132371,35.411611,-0.324427
11.679040,47.407754,0.499012
11.429583,50.510147,0.969405
11.301288,41.901524,0.868541
12.672182,26.298100,0.268872
18.343543,12.271517,-0.499238
27.933274,5.219938,-1.024812
36.713673,5.815785,-1.038582
37.870995,12.901970,-0.539775
29.948005,25.173164,0.239641
18.984180,39.431751,0.978629
10.990415,48.440692,1.409282
7.251101,46.187058,1.390740
8.384876,33.812695,0.919343
16.848238,19.091569,0.110708
34.534104,9.832552,-0.823176
57.569492,9.921338,-1.605559
73.189846,17.104470,-1.956158
69.259774,24.910159,-1.690999
48.070624,27.668622,-0.825415
24.198099,28.181851,0.390524
8.921046,34.011549,1.547801
4.812696,44.386496,2.233972
9.951483,49.523269,2.189779
21.673262,41.427100,1.405683
37.346686,24.285159,0.134862
52.009126,9.726209,-1.184244
56.796999,4.767389,-2.084589
46.209421,10.060075,-2.251864
27.798629,22.450839,-1.646576
13.135103,34.945358,-0.512276
6.623201,38.139512,0.723717
6.088505,29.126481,1.614200
8.757167,15.564737,1.866677
13.909204,6.646382,1.459683
22.385645,5.271792,0.632849
34.908269,8.567385,-0.254852
48.672402,12.264035,-0.908314
55.085420,14.646809,-1.198705
47.746253,17.751145,-1.138817
32.479635,24.565313,-0.795469
18.374398,33.453887,-0.240988
10.428973,38.983721,0.416662
7.859664,37.488417,0.982872
8.035077,29.405234,1.202764
11.203318,19.534358,0.900210
18.906710,12.617764,0.141767
29.017283,10.829447,-0.728277
34.963742,13.337301,-1.256171
32.486405,18.894054,-1.152192
23.906806,27.686860,-0.470073
14.526393,36.504719,0.433425
7.769626,38.694179,1.112403
4.191955,32.102615,1.265439
4.395564,22.042821,0.861460
10.794510,14.768662,0.121331
25.563238,10.864954,-0.611821
45.412329,8.213785,-1.045103
59.359082,7.684495,-1.064297
57.754776,11.380215,-0.748386
42.314998,19.073453,-0.272508
23.811449,27.938551,0.215057
12.082617,35.204251,0.642038
8.374803,39.394251,0.963398
7.826218,36.994259,1.088085
7.067339,28.803277,0.883064
7.549629,21.958452,0.284375
13.861006,19.394205,-0.571368
29.049998,19.330741,-1.334802
47.710540,20.514578,-1.610638
57.080839,22.254704,-1.203900
51.020369,24.577303,-0.258948
35.892250,28.405804,0.815171
22.441316,30.670632,1.568599
14.679107,27.894354,1.723191
11.390245,22.582774,1.260431
13.755046,19.598921,0.380955
24.929300,18.684900,-0.603718
44.924322,17.309001,-1.386634
63.739859,14.447092,-1.750620
64.534031,10.913040,-1.608602
46.252445,10.297622,-1.005543
25.163832,16.579615,-0.098393
13.709171,28.363547,0.878341
12.305264,36.876768,1.663068
15.104382,34.068439,2.028157
19.283536,22.297694,1.837044
27.230979,9.916672,1.088241
38.802143,3.500770,-0.058642
47.273934,4.692892,-1.291807
45.597792,12.005163,-2.214324
33.741668,21.776204,-2.469335
19.029762,28.409822,-1.887772
9.291921,27.733326,-0.601398
7.031104,21.403047,0.945262
10.125963,14.653815,2.138716
15.243443,10.037231,2.476574
20.883195,7.078835,1.840814
27.398731,5.451074,0.569455
32.701078,7.609001,-0.745172
32.414250,16.618309,-1.589581
25.487834,31.338046,-1.755712
16.349891,44.565397,-1.337980
9.322556,47.560828,-0.576239
5.488766,38.785335,0.288928
6.425154,24.952784,1.053083
16.231698,13.656410,1.515290
38.200371,8.804727,1.482498
66.848951,9.791544,0.867337
83.859623,13.180190,-0.184112
74.771266,17.273435,-1.271784
47.115825,24.007053,-1.903812
20.580725,33.204172,-1.759519
5.806716,39.305725,-0.871828
1.659747,37.772887,0.390777
4.891301,29.371067,1.509666
15.362597,19.320866,2.043740
32.952005,11.808963,1.795176
51.026318,7.374987,0.869854
57.598203,7.647575,-0.373873
47.384194,15.502158,-1.467047
28.179206,29.779862,-2.006196
12.113334,41.482756,-1.794490
6.229732,39.799750,-0.907016
9.989612,26.498523,0.329199
18.104049,11.741629,1.442162
25.264778,2.974902,1.994020
29.942390,2.446628,1.766898
32.805787,9.080069,0.857250
32.758044,20.113056,-0.374049
27.414945,30.082075,-1.457884
18.752479,32.597837,-1.994591
11.836397,26.318463,-1.789571
9.989427,17.142598,-0.916722
14.552839,11.913751,0.307928
26.206503,11.697188,1.440585
44.150002,12.446159,2.070312
60.360051,11.530866,1.962320
60.702292,10.396934,1.139629
43.105895,12.111007,-0.114883
22.130896,17.407792,-1.346321
9.303865,23.661576,-2.095849
5.194968,26.423069,-2.087132
6.308201,23.980120,-1.336547
11.540108,18.076093,-0.133815
21.291668,11.184974,1.080612
33.926601,6.772123,1.876473
43.973486,6.626050,1.981449
44.565737,9.794066,1.378178
34.636500,14.680886,0.312764
21.226321,21.515087,-0.799982
10.596560,31.185059,-1.537992
4.756687,39.665391,-1.632728
4.270147,39.449312,-1.074204
11.237718,28.872414,-0.125721
27.415627,15.213080,0.775131
48.131693,5.801985,1.215352
60.756422,2.745977,1.016926
54.620548,5.116269,0.330132
35.854692,11.954887,-0.455667
18.474189,23.236243,-0.925021
8.930349,36.229434,-0.843777
5.734750,41.665714,-0.262044
7.898340,33.388107,0.515026
18.333670,19.640716,1.070120
38.216417,10.237375,1.080750
59.673638,7.503852,0.498175
68.292339,10.292032,-0.410528
56.135536,17.419085,-1.198943
33.199760,26.916568,-1.477508
14.518956,33.012354,-1.105641
5.296079,29.885723,-0.242679
4.287259,20.927272,0.742501
9.503140,13.098085,1.442523
19.647336,8.420999,1.588851
32.638232,7.073891,1.160514
43.360096,9.631161,0.367526
44.188931,14.864054,-0.481718
32.759952,19.282497,-1.136449
16.374052,20.053754,-1.474354
4.585236,18.695089,-1.461671
3.481173,19.645279,-1.082427
15.232902,23.023257,-0.339607
36.548806,22.512635,0.653444
56.015384,16.573219,1.590407
59.179557,10.992225,2.035600
44.381413,10.141950,1.667424
24.344793,13.580194,0.550000
9.924252,18.172828,-0.809808
4.257122,22.303627,-1.727424
5.936656,23.738481,-1.762311
13.057978,20.304358,-0.981713
24.160756,14.552264,0.119206
36.200268,10.136819,0.949253
43.861991,8.161699,1.151502
41.400458,7.509052,0.740127
29.846013,7.102370,0.021251
17.648441,7.459715,-0.607575
10.702283,10.232437,-0.861105
7.910064,15.195084,-0.680571
6.310080,18.946815,-0.214138
6.134208,18.739293,0.307266
11.872149,15.012826,0.704045
28.288743,10.437581,0.899833
54.056922,8.330291,0.878680
78.932741,10.190450,0.620933
88.818546,16.169125,0.103718
75.752727,24.909669,-0.618818
46.617904,31.404540,-1.333559
19.278651,30.768082,-1.696382
4.820907,25.203512,-1.409196
1.962673,20.220643,-0.447046
4.606969,17.928959,0.844399
9.558091,16.185500,1.886504
17.264923,13.278057,2.168289
28.502832,10.706169,1.520622
41.521976,10.074104,0.211152
51.976971,10.792401,-1.172479
53.505072,12.551744,-1.991723
43.891142,19.295802,-1.870003
28.180682,33.595996,-0.900142
16.057421,47.294033,0.394790
13.138491,46.482738,1.359470
19.004706,31.140651,1.581317
29.941743,14.376545,1.084996
42.078269,5.264968,0.231592
51.511800,4.761404,-0.557320
51.809386,10.791220,-1.023622
40.772379,21.452172,-1.114636
26.500156,33.104284,-0.889093
16.314113,39.171898,-0.422079
11.532733,35.460093,0.203596
11.501219,25.836128,0.844299
17.024632,15.654302,1.276276
29.289903,7.804261,1.275758
45.665150,4.328666,0.761453
57.093592,7.058923,-0.113557
54.040845,17.336009,-1.004436
37.081466,32.968802,-1.531668
18.335801,45.767483,-1.457425
8.168166,46.856203,-0.793121
9.064733,36.851481,0.200966
17.867118,24.919600,1.122425
28.377550,15.551475,1.601516
35.325390,9.154137,1.463840
37.430469,8.134732,0.792359
34.809543,14.662282,-0.139101
26.956300,25.329448,-1.002092
15.554125,31.511968,-1.531029
4.611970,27.962234,-1.579155
1.011947,18.606477,-1.129400
13.976305,10.408751,-0.292184
48.109925,7.130819,0.701336
91.281943,8.594345,1.531066
114.655647,13.860788,1.873983
98.854197,23.893163,1.543301
57.582560,39.811344,0.615922
20.931452,57.374396,-0.554988
4.411562,63.063894,-1.489514
6.529000,49.819930,-1.815673
19.345915,28.978715,-1.440709
33.948809,13.454863,-0.565123
42.839776,6.603805,0.437923
42.856287,6.021675,1.189834
35.427798,10.188468,1.444332
24.389888,19.248683,1.156394
14.142135,30.378889,0.470978
7.822355,36.651492,-0.351554
6.390410,33.051112,-1.030940
9.648839,23.119261,-1.344242
17.984048,14.673647,-1.175660
33.533298,10.789478,-0.548832
58.235370,9.849586,0.359774
88.169185,9.955500,1.245025
103.967291,10.816571,1.751625
87.558893,14.256025,1.604466
51.534335,24.460173,0.756397
20.377960,42.388913,-0.523289
5.573761,58.835226,-1.710861
4.211693,59.674283,-2.260840
10.367989,43.921310,-1.893848
21.108037,24.395230,-0.751853
34.473746,10.731330,0.680563
44.520235,5.555946,1.820373
43.668642,7.635972,2.238091
31.575083,15.036847,1.806041
16.679079,26.014334,0.718915
6.771784,37.025202,-0.594774
3.930348,41.343110,-1.637779
7.643990,35.782817,-2.029170
18.799685,25.102457,-1.639396
37.477631,14.204158,-0.631020
58.542872,6.997641,0.600519
70.780953,6.115165,1.571982
65.138992,11.241705,1.907363
46.713205,19.427681,1.502557
27.203862,27.386244,0.561356
14.800471,35.057536,-0.527195
9.955672,40.017562,-1.385020
8.979726,36.159429,-1.782920
11.064104,24.507080,-1.658584
19.211171,12.359920,-1.061981
35.763920,5.126005,-0.116224
58.435432,4.052170,0.968974
75.791082,8.187675,1.877182
70.791181,15.250967,2.242601
44.863508,22.161890,1.816955
17.997363,26.328763,0.660529
3.603098,26.920201,-0.803091
2.361488,24.451272,-1.958903
10.155520,20.168647,-2.312606
23.872389,14.927824,-1.741969
40.315212,9.858836,-0.541225
53.359861,6.748369,0.739263
56.057421,7.827038,1.555206
45.726798,14.212426,1.612987
29.064300,24.237654,0.992762
16.249759,33.064789,0.082179
10.106723,35.426215,-0.655803
7.754945,29.675113,-0.940358
7.247209,19.508879,-0.783325
10.196436,11.308567,-0.393714
20.395832,8.329554,0.016612
37.676626,9.764857,0.354606
53.153062,12.882075,0.615020
55.399068,15.009038,0.767554
44.680520,15.664493,0.703096
30.395036,18.236943,0.312839
20.531983,24.931591,-0.364354
16.517676,31.833864,-1.072938
17.179557,32.550966,-1.441704
22.130492,26.661417,-1.200962
30.655357,19.511104,-0.362781
39.380746,14.920018,0.755348
43.234812,13.878513,1.668560
38.846389,15.636662,1.945186
28.262180,18.375686,1.412612
16.772697,21.035108,0.259080
8.953377,23.449213,-1.034614
7.531645,23.680568,-1.923476
15.104909,21.509721,-2.065187
33.736152,18.314910,-1.461594
60.330796,14.528100,-0.402411
82.950947,11.216272,0.715299
85.785179,10.680881,1.555968
65.346276,14.298524,1.923706
36.948593,20.776952,1.762056
16.852936,26.612960,1.128225
9.241662,28.584311,0.176690
10.324752,26.222069,-0.852666
16.901151,22.349441,-1.672715
27.809754,18.449679,-2.031698
40.112835,14.066364,-1.811205
48.370335,10.696027,-1.077452
48.037706,12.224811,-0.050705
37.650279,21.604874,0.980172
23.059372,37.158719,1.742606
12.435117,49.892736,2.035598
10.777765,50.377862,1.763322
19.561376,40.091714,0.963507
35.638030,26.983541,-0.170057
51.457812,17.264225,-1.297317
59.349541,13.548293,-2.013691
56.229167,15.777444,-2.011532
45.056909,21.338352,-1.251643
31.172000,27.272084,-0.024831
18.752994,32.427851,1.162951
10.189621,35.445524,1.823672
6.515665,32.539493,1.704265
8.271247,23.735121,0.885468
15.659253,15.500799,-0.260973
27.736359,12.136658,-1.230273
41.673430,12.854625,-1.604398
50.371445,14.462361,-1.243990
45.572625,16.018811,-0.349363
30.455100,20.773322,0.649452
16.744493,29.143538,1.305849
11.818008,33.955368,1.352117
15.160142,29.693867,0.795600
21.726709,21.287533,-0.099477
25.576822,15.271433,-0.926747
23.311872,14.305478,-1.313932
16.892336,19.010494,-1.091723
12.999294,27.167690,-0.368854
18.959753,31.797845,0.527368
37.361392,29.058119,1.204382
60.550126,22.000934,1.369116
74.794784,14.692629,0.940860
73.673080,11.025256,0.082210
59.913255,14.635594,-0.863725
39.916719,25.743814,-1.514735
22.085643,38.648572,-1.608924
10.635581,43.162357,-1.102288
6.636060,35.602600,-0.166766
12.464465,23.369794,0.885203
30.734112,14.286965,1.701891
58.888367,10.532156,1.992883
86.736942,10.569792,1.618380
97.491154,12.861026,0.649072
81.102134,17.527253,-0.627515
47.697662,25.296764,-1.771741
19.593172,33.747090,-2.333294
6.951572,35.699073,-2.044044
6.329180,28.188208,-0.977251
13.437837,18.237758,0.443951
26.466461,12.662859,1.634149
40.298491,11.360497,2.130419
46.162350,11.548069,1.798268
39.412099,13.110210,0.852475
25.161733,17.571783,-0.278582
11.651899,24.689524,-1.146580
3.004057,30.977672,-1.453019
0.990288,31.351318,-1.148150
8.285259,24.647565,-0.431236
27.127210,15.306215,0.347186
53.003017,9.094067,0.837359
70.887592,8.240118,0.832706
66.676873,12.031074,0.354818
44.325161,18.853943,-0.345936
21.773780,24.289470,-0.890303
12.233036,23.595666,-0.953429
16.429438,18.303944,-0.448501
26.652438,12.360489,0.407211
32.731404,7.789198,1.199988
31.674264,6.452215,1.535234
30.626247,9.812088,1.227552
36.010981,17.610697,0.372713
44.930425,27.449670,-0.704927
46.233240,35.565512,-1.587091
35.861546,41.569235,-1.926630
22.143051,43.607176,-1.583625
13.664868,36.367067,-0.673849
14.046590,23.701567,0.488582
22.452988,13.793434,1.513493
36.529694,9.124694,2.061381
53.258947,8.648906,1.940888
63.888413,11.662858,1.167133
59.489017,17.233067,-0.031364
43.696947,24.135564,-1.269025
25.994936,31.960246,-2.115044
14.556270,40.558088,-2.235550
12.658718,44.373556,-1.532638
18.616738,37.458092,-0.226978
29.501270,24.830356,1.185569
40.701158,14.644691,2.128164
46.499966,9.491393,2.207345
45.959013,9.485440,1.399395
41.977554,14.245192,0.058623
35.823367,21.036364,-1.241196
26.649022,25.816396,-1.951159
16.709298,27.716340,-1.785232
10.760920,27.531689,-0.857163
11.064614,25.194821,0.368150
16.755316,21.363986,1.312272
25.317329,16.014155,1.581951
35.010164,11.050901,1.143973
44.269579,9.817167,0.284209
48.201420,14.492522,-0.583304
41.468638,23.083793,-1.116326
26.684576,30.535350,-1.158540
12.579314,33.633686,-0.755930
4.999891,31.645241,-0.105651
5.513417,25.949510,0.529102
14.694982,18.208275,0.909901
32.781381,11.020839,0.898841
56.014120,7.625829,0.508035
72.360652,8.484338,-0.090849
68.565752,11.547489,-0.620120
47.716606,14.742451,-0.817305
24.272182,17.947989,-0.574274
8.333460,23.035680,-0.007299
1.841183,30.294439,0.594800
3.339375,34.684203,0.915338
12.332404,31.151203,0.765022
28.155557,22.105841,0.175586
44.642092,13.967004,-0.602470
51.171081,10.735634,-1.202133
44.031082,12.925643,-1.311568
30.366772,18.807115,-0.835922
18.987875,25.187653,0.048035
12.018254,29.180746,0.981865
7.370474,31.599998,1.597959
5.208436,32.668371,1.667935
10.362948,29.112009,1.164625
28.269874,20.970723,0.245181
57.084607,12.968140,-0.809337
82.927730,9.134357,-1.673410
88.088664,10.161288,-2.063050
67.582209,14.564479,-1.817882
36.869968,20.778571,-0.966040
13.042347,28.477826,0.253014
1.810590,36.330891,1.443223
1.224391,38.443372,2.193365
9.207049,31.719274,2.247745
24.906434,20.273793,1.608091
44.170753,10.549237,0.511297
58.275249,6.013643,-0.684974
60.746577,6.754542,-1.633184
50.414638,11.927066,-2.090445
32.545600,20.082099,-1.963138
16.156841,28.287514,-1.308363
7.112348,32.764328,-0.307332
6.324689,30.027229,0.773333
13.526304,21.697053,1.630675
28.428755,13.678954,1.995863
47.777646,9.453867,1.722801
64.182068,9.450624,0.862973
68.703924,12.138804,-0.314113
55.955805,15.981576,-1.381185
33.326137,21.500475,-1.899391
14.160998,29.264488,-1.617865
5.110864,37.422140,-0.633030
5.151773,40.442407,0.613479
10.686518,34.343253,1.540067
18.882203,23.739850,1.724808
27.854456,14.659474,1.111132
35.703420,8.564910,0.007024
40.102855,5.635005,-1.086205
39.014271,6.475023,-1.699482
32.031562,11.098791,-1.580121
21.709798,18.874246,-0.783805
12.537504,28.355730,0.352521
8.616984,35.551943,1.352378
12.434888,34.855929,1.798372
24.188509,25.945455,1.501302
40.537710,14.764447,0.578228
53.771315,7.097916,-0.582353
58.832156,4.574546,-1.469199
56.899121,7.159657,-1.678646
49.094010,14.165621,-1.126232
35.550335,23.628118,-0.103759
21.084595,33.456431,0.875854
11.750299,42.898481,1.353640
8.313825,48.205863,1.147191
8.654169,44.417692,0.408159
13.287784,32.171043,-0.478554
26.203576,18.384396,-1.080091
48.203716,9.763988,-1.108727
68.717799,8.613901,-0.553173
71.771698,12.982063,0.313691
54.110728,18.617611,1.065433
29.361853,21.805302,1.326912
14.215234,21.749160,0.947535
13.195506,20.346543,0.068617
19.593493,20.539185,-0.930612
24.834902,23.634383,-1.588704
27.233289,26.454650,-1.573036
34.141502,24.459297,-0.855343
48.812330,18.536919,0.257797
60.993279,13.581311,1.277679
57.113741,12.545819,1.779553
38.019149,16.317328,1.589402
18.432531,24.462657,0.821533
8.870643,33.580551,-0.210667
10.131362,37.359342,-1.133689
18.800281,31.724357,-1.641402
31.245395,19.536991,-1.580765
42.775845,8.182914,-0.983499
48.327009,2.540058,-0.047272
44.643588,3.495599,0.919106
32.892816,10.936736,1.578408
20.469166,24.099108,1.672921
12.625739,39.073068,1.132342
9.506042,48.641789,0.127375
9.927204,45.299287,-0.973305
13.589602,31.495392,-1.733960
20.875645,17.209643,-1.821313
